Property Address,Owner Address,Distance
"12907 ANGEL OAK DR, HUNTERSVILLE, NC 28078","12907 ANGEL OAK DR, HUNTERSVILLE, NC 28078-9170",0.0
"13106 ANGEL OAK DR, HUNTERSVILLE, NC 28078","13106 ANGEL OAK DR, HUNTERSVILLE, NC 28078-6854",0.0
"13019 ANGEL OAK DR, HUNTERSVILLE, NC 28078","13019 ANGEL OAK DR, HUNTERSVILLE, NC 28078-9176",0.0
"8610 NEW OAK LN, HUNTERSVILLE, NC 28078","8610 NEW OAK LN, HUNTERSVILLE, NC 28078-9160",0.0
"12612 WILD LILAC CT, HUNTERSVILLE, NC 28078","12612 WILD LILAC CT, HUNTERSVILLE, NC 28078-8394",0.0
"8805 NEW OAK LN, HUNTERSVILLE, NC 28078","8805 NEW OAK LN, HUNTERSVILLE, NC 28078-8322",0.0
"9101 NEW OAK LN, HUNTERSVILLE, NC 28078","9101 NEW OAK LN, HUNTERSVILLE, NC 28078-8319",0.0
"9135 BERTRAM CT, HUNTERSVILLE, NC 28078","9135 BERTRAM CT, HUNTERSVILLE, NC 28078-8100",0.0
"12801 ANGEL OAK DR, HUNTERSVILLE, NC 28078","12801 ANGEL OAK DR, HUNTERSVILLE, NC 28078-7853",0.0
"13316 OLD STORE RD, HUNTERSVILLE, NC 28078","13316 OLD STORE RD, HUNTERSVILLE, NC 28078-7435",0.0
"12155 MOONSHADOW LN, HUNTERSVILLE, NC 28078","12155 MOONSHADOW LN, HUNTERSVILLE, NC 28078-6858",0.0
"8504 LYMAN OAK CT, HUNTERSVILLE, NC 28078","8504 LYMAN OAK CT, HUNTERSVILLE, NC 28078-6873",0.0
"12148 MOONSHADOW LN, HUNTERSVILLE, NC 28078","1850 PARKWAY PL SE Unit 900, MARIETTA, GA 30067-8261",252.0
"12914 FALLCROSS CT, HUNTERSVILLE, NC 28078","12914 FALLCROSS CT, HUNTERSVILLE, NC 28078-6857",0.0
"13101 ANGEL OAK DR, HUNTERSVILLE, NC 28078","8665 E HARTFORD DR Unit 200, SCOTTSDALE, AZ 85255-7807",2041.0
"13120 ANGEL OAK DR, HUNTERSVILLE, NC 28078","4090 PO BOX, SCOTTSDALE, AZ 85261-4090",2039.0
"12726 HOLLYHOCK LN, HUNTERSVILLE, NC 28078","12726 HOLLYHOCK LN, HUNTERSVILLE, NC 28078-6860",0.0
"12152 MOONSHADOW LN, HUNTERSVILLE, NC 28078","12152 MOONSHADOW LN, HUNTERSVILLE, NC 28078-6858",0.0
"8633 SUMMERFIELD LN, HUNTERSVILLE, NC 28078","8633 SUMMERFIELD LN, HUNTERSVILLE, NC 28078-6865",0.0
"8419 BASSINGER DR, HUNTERSVILLE, NC 28078","8419 BASSINGER DR, HUNTERSVILLE, NC 28078-7444",0.0
"8010 GILEAD RD, HUNTERSVILLE, NC 28078","700 N TRYON ST, CHARLOTTE, NC 28202-2222",15.0
"8731 FOX TAIL LN, HUNTERSVILLE, NC 28078","8731 FOX TAIL LN, HUNTERSVILLE, NC 28078-4511",0.0
"8527 FOX TAIL LN, HUNTERSVILLE, NC 28078","8527 FOX TAIL LN, HUNTERSVILLE, NC 28078-4507",0.0
"9112 BERTRAM CT, HUNTERSVILLE, NC 28078","9112 BERTRAM CT, HUNTERSVILLE, NC 28078-9184",0.0
"9109 AGNES PARK LN, HUNTERSVILLE, NC 28078","150 N WILSON AVE, COCOA, FL 32922-7260",552.0
"9116 AGNES PARK LN, HUNTERSVILLE, NC 28078","9200 E HAMPTON DR, CAPITOL HEIGHTS, MD 20743-3820",409.0
"13000 ANGEL OAK DR, HUNTERSVILLE, NC 28078","13000 ANGEL OAK DR, HUNTERSVILLE, NC 28078-9172",0.0
"13038 ANGEL OAK DR, HUNTERSVILLE, NC 28078","13038 ANGEL OAK DR, HUNTERSVILLE, NC 28078-9172",0.0
"12712 ANGEL OAK DR, HUNTERSVILLE, NC 28078","12712 ANGEL OAK DR, HUNTERSVILLE, NC 28078-7852",0.0
"8819 DOE PATH LN, HUNTERSVILLE, NC 28078","8819 DOE PATH LN, HUNTERSVILLE, NC 28078-8139",0.0
"13315 OLD STORE RD, HUNTERSVILLE, NC 28078","13315 OLD STORE RD, HUNTERSVILLE, NC 28078-7435",0.0
"13321 OLD STORE RD, HUNTERSVILLE, NC 28078","13321 OLD STORE RD, HUNTERSVILLE, NC 28078-7435",0.0
"9032 GOLDEN ROCK LN, HUNTERSVILLE, NC 28078","9032 GOLDEN ROCK LN, HUNTERSVILLE, NC 28078-7433",0.0
"9043 GOLDEN ROCK LN, HUNTERSVILLE, NC 28078","9043 GOLDEN ROCK LN, HUNTERSVILLE, NC 28078-7433",0.0
"8505 FOX TAIL LN, HUNTERSVILLE, NC 28078","8505 FOX TAIL LN, HUNTERSVILLE, NC 28078-4507",0.0
"8630 FOX TAIL LN, HUNTERSVILLE, NC 28078","8630 FOX TAIL LN, HUNTERSVILLE, NC 28078-4508",0.0
"12512 CEDARFORD CT, HUNTERSVILLE, NC 28078","12512 CEDARFORD CT, HUNTERSVILLE, NC 28078-7808",0.0
"5127 INGLEBURN LN, HUNTERSVILLE, NC 28078","5127 INGLEBURN LN, HUNTERSVILLE, NC 28078-7760",0.0
"8831 NEW OAK LN, HUNTERSVILLE, NC 28078","8831 NEW OAK LN, HUNTERSVILLE, NC 28078-8322",0.0
"9024 NEW OAK LN, HUNTERSVILLE, NC 28078","9024 NEW OAK LN, HUNTERSVILLE, NC 28078-8317",0.0
"8516 FOX TAIL LN, HUNTERSVILLE, NC 28078","8516 FOX TAIL LN, HUNTERSVILLE, NC 28078-4506",0.0
"4259 VANCE RD, HUNTERSVILLE, NC 28078","4259 VANCE RD N, HUNTERSVILLE, NC 28078-1006",0.0
"SUMMERFIELD LN, HUNTERSVILLE, NC 28078","600 E 4TH ST, CHARLOTTE, NC 28202-2816",16.1
"OXFORD HOLLOW, HUNTERSVILLE, NC 28078","600 E 4TH ST, CHARLOTTE, NC 28202-2816",16.7
"8127 MCILWAINE RD, HUNTERSVILLE, NC 28078","7620 BALTUSROL LN, CHARLOTTE, NC 28210-4928",26.5
"13322 OLD STORE RD, HUNTERSVILLE, NC 28078","13322 OLD STORE RD, HUNTERSVILLE, NC 28078-7435",0.0
"12606 HOLLYHOCK LN, HUNTERSVILLE, NC 28078","12606 HOLLYHOCK LN, HUNTERSVILLE, NC 28078-6859",0.0
"12609 ANGEL OAK DR, HUNTERSVILLE, NC 28078","12609 ANGEL OAK DR, HUNTERSVILLE, NC 28078-7851",0.0
"13014 ANGEL OAK DR, HUNTERSVILLE, NC 28078","13014 ANGEL OAK DR, HUNTERSVILLE, NC 28078-9172",0.0
"8636 SUMMERFIELD LN, HUNTERSVILLE, NC 28078","8636 SUMMERFIELD LN, HUNTERSVILLE, NC 28078-6865",0.0
"12732 GREEN ASHE DR, HUNTERSVILLE, NC 28078","12732 GREEN ASHE DR, HUNTERSVILLE, NC 28078-4504",0.0
"8723 FOX TAIL LN, HUNTERSVILLE, NC 28078","8723 FOX TRAIL LN, HUNTERSVILLE, NC 28078-4511",9.3
"8341 STAYMAN CT, HUNTERSVILLE, NC 28078","8341 STAYMAN CT, HUNTERSVILLE, NC 28078-9204",0.0
"13032 ANGEL OAK DR, HUNTERSVILLE, NC 28078","13032 ANGEL OAK DR, HUNTERSVILLE, NC 28078-9172",0.0
"9123 NEW OAK LN, HUNTERSVILLE, NC 28078","9123 NEW OAK LN, HUNTERSVILLE, NC 28078-8319",0.0
"12812 BRADFORD HILL LN, HUNTERSVILLE, NC 28078","422 PO BOX, INDIAN TRAIL, NC 28079-0422",33.1
"8813 DOE PATH LN, HUNTERSVILLE, NC 28078","8813 DOE PATH LN, HUNTERSVILLE, NC 28078-8139",0.0
"8619 NEW OAK LN, HUNTERSVILLE, NC 28078","8619 NEW OAK LN, HUNTERSVILLE, NC 28078-8118",0.0
"9025 GOLDEN ROCK LN, HUNTERSVILLE, NC 28078","9025 GOLDEN ROCK LN, HUNTERSVILLE, NC 28078-7433",0.0
"8644 SUMMERFIELD LN, HUNTERSVILLE, NC 28078","8644 SUMMERFIELD LN, HUNTERSVILLE, NC 28078-6865",0.0
"13114 ANGEL OAK DR, HUNTERSVILLE, NC 28078","13114 ANGEL OAK DR, HUNTERSVILLE, NC 28078-6854",0.0
"8300 APPLESEED CT, HUNTERSVILLE, NC 28078","22401 TORRENCE CHAPEL RD, CORNELIUS, NC 28031-6794",10.3
"8505 MCILWAINE RD, HUNTERSVILLE, NC 28078","8505 MCILWAINE RD, HUNTERSVILLE, NC 28078",0.0
"8717 DOE PATH LN, HUNTERSVILLE, NC 28078","8717 DOE PATH LN, HUNTERSVILLE, NC 28078-8138",0.0
"8722 DOE PATH LN, HUNTERSVILLE, NC 28078","8722 DOE PATH LN, HUNTERSVILLE, NC 28078-8135",0.0
"GILEAD RD, HUNTERSVILLE, NC 28078","20472 CHARTWELL CENTER DR, CORNELIUS, NC 28031-9635",7.3
"OLD STORE RD, HUNTERSVILLE, NC 28078","1515 MOCKINGBIRD LN Unit 600, CHARLOTTE, NC 28209-3582",21.7
"12728 GREEN ASHE DR, HUNTERSVILLE, NC 28078","12728 GREEN ASHE DR, HUNTERSVILLE, NC 28078-4504",0.0
"12711 GREEN ASHE DR, HUNTERSVILLE, NC 28078","12711 GREEN ASHE DR, HUNTERSVILLE, NC 28078-4505",0.0
"8609 NEW OAK LN, HUNTERSVILLE, NC 28078","8609 NEW OAK LN, HUNTERSVILLE, NC 28078-8118",0.0
"8421 BRAMFIELD DR, HUNTERSVILLE, NC 28078","8421 BRAMFIELD DR, HUNTERSVILLE, NC 28078-7813",0.0
"12727 HOLLYHOCK LN, HUNTERSVILLE, NC 28078","12727 HOLLYHOCK LN, HUNTERSVILLE, NC 28078-6860",0.0
"12133 MOONSHADOW LN, HUNTERSVILLE, NC 28078","12133 MOONSHADOW LN, HUNTERSVILLE, NC 28078-6858",0.0
"9223 AGNES PARK LN, HUNTERSVILLE, NC 28078","9223 AGNES PARK LN, HUNTERSVILLE, NC 28078-8392",0.0
"8425 SUMMERFIELD LN, HUNTERSVILLE, NC 28078","8425 SUMMERFIELD LN, HUNTERSVILLE, NC 28078-6863",0.0
"12046 CRABAPPLE LN, HUNTERSVILLE, NC 28078","12046 CRABAPPLE LN, HUNTERSVILLE, NC 28078-7333",0.0
"12112 MCINTOSH RD, HUNTERSVILLE, NC 28078","11917 CIMMARON RD, HUNTERSVILLE, NC 28078-6988",1.3
"8304 STAYMAN CT, HUNTERSVILLE, NC 28078","8304 STAYMAN CT, HUNTERSVILLE, NC 28078-9204",0.0
"8312 STAYMAN CT, HUNTERSVILLE, NC 28078","8312 STAYMAN CT, HUNTERSVILLE, NC 28078-9204",0.0
"12925 ANGEL OAK DR, HUNTERSVILLE, NC 28078","12925 ANGEL OAK DR, HUNTERSVILLE, NC 28078-9170",0.0
"8906 NEW OAK LN, HUNTERSVILLE, NC 28078","8906 NEW OAK LN, HUNTERSVILLE, NC 28078-8316",0.0
"9012 TORRENCE CROSSING DR, HUNTERSVILLE, NC 28078","9012 TORRENCE CROSSING DR, HUNTERSVILLE, NC 28078-8198",0.0
"12521 HAWKS RIDGE RD, HUNTERSVILLE, NC 28078","12521 HAWKSRIDGE RD, HUNTERSVILLE, NC 28078-8141",0.0
"8635 NEW OAK LN, HUNTERSVILLE, NC 28078","8635 NEW OAK LN, HUNTERSVILLE, NC 28078-8118",0.0
"12822 ANGEL OAK DR, HUNTERSVILLE, NC 28078","12822 ANGEL OAK DR, HUNTERSVILLE, NC 28078-7853",0.0
"8522 SUMMERFIELD LN, HUNTERSVILLE, NC 28078","8522 SUMMERFIELD LN, HUNTERSVILLE, NC 28078-6864",0.0
"12614 HOLLYHOCK LN, HUNTERSVILLE, NC 28078","12614 HOLLYHOCK LN, HUNTERSVILLE, NC 28078-6859",0.0
"12902 FALLCROSS CT, HUNTERSVILLE, NC 28078","12902 FALLCROSS CT, HUNTERSVILLE, NC 28078-6857",0.0
"8433 TATEBROOK LN, HUNTERSVILLE, NC 28078","8433 TATEBROOK LN, HUNTERSVILLE, NC 28078-6855",0.0
"11940 CRABAPPLE LN, HUNTERSVILLE, NC 28078","12006 CRABAPPLE LN, HUNTERSVILLE, NC 28078-7333",0.0
"9020 OLD BARNETTE PL, HUNTERSVILLE, NC 28078","9020 OLD BARNETTE PL, HUNTERSVILLE, NC 28078-8161",0.0
"9218 AGNES PARK LN, HUNTERSVILLE, NC 28078","5001 PLAZA ON THE LK Unit 200, AUSTIN, TX 78746-1053",1176.0
"GILEAD RD, HUNTERSVILLE, NC 28078","600 E 4TH ST, CHARLOTTE, NC 28202-2816",15.7
"9132 BERTRAM CT, HUNTERSVILLE, NC 28078","9132 BERTRAM CT, HUNTERSVILLE, NC 28078-9184",0.0
"9101 AGNES PARK LN, HUNTERSVILLE, NC 28078","1850 PARKWAY PL SE Unit 900, MARIETTA, GA 30067-8261",252.0
"9020 AGNES PARK LN, HUNTERSVILLE, NC 28078","9020 AGNES PARK LN, HUNTERSVILLE, NC 28078-9178",0.0
"9140 AGNES PARK LN, HUNTERSVILLE, NC 28078","9140 AGNES PARK LN, HUNTERSVILLE, NC 28078-8390",0.0
"8736 NEW OAK LN, HUNTERSVILLE, NC 28078","1850 PARKWAY PL SE Unit 900, MARIETTA, GA 30067-8261",252.0
"8802 DOE PATH LN, HUNTERSVILLE, NC 28078","6068 TOWNCENTER CIR, NAPLES, FL 34119-9556",743.0
"8600 DOE PATH LN, HUNTERSVILLE, NC 28078","8600 DOE PATH LN, HUNTERSVILLE, NC 28078-8133",0.0
"9100 TORRENCE CROSSING DR, HUNTERSVILLE, NC 28078","9100 TORRENCE CROSSING DR, HUNTERSVILLE, NC 28078-8128",0.0
"12804 ANGEL OAK DR, HUNTERSVILLE, NC 28078","12804 ANGEL OAK DR, HUNTERSVILLE, NC 28078-7853",0.0
"12628 ANGEL OAK DR, HUNTERSVILLE, NC 28078","12628 ANGEL OAK DR, HUNTERSVILLE, NC 28078-7851",0.0
"7723 COALCLIFF DR, HUNTERSVILLE, NC 28078","7723 COALCLIFF DR, HUNTERSVILLE, NC 28078-7821",0.0
"5120 INGLEBURN LN, HUNTERSVILLE, NC 28078","5120 INGLEBURN LN, HUNTERSVILLE, NC 28078-7760",0.0
"12720 HOLLYHOCK LN, HUNTERSVILLE, NC 28078","4910 SW 87TH CT, MIAMI, FL 33165-6707",752.0
"8627 SUMMERFIELD LN, HUNTERSVILLE, NC 28078","8627 SUMMERFIELD LN, HUNTERSVILLE, NC 28078-6865",0.0
"8407 SUMMERFIELD LN, HUNTERSVILLE, NC 28078","8407 SUMMERFIELD LN, HUNTERSVILLE, NC 28078-6863",0.0
"8624 NEW OAK LN, HUNTERSVILLE, NC 28078","658 NORMANDY RD, MOORESVILLE, NC 28117-8435",21.0
"12731 HOLLYHOCK LN, HUNTERSVILLE, NC 28078","12731 HOLLYHOCK LN, HUNTERSVILLE, NC 28078-6860",0.0
"12519 ANGEL OAK DR, HUNTERSVILLE, NC 28078","12519 ANGEL OAK DR, HUNTERSVILLE, NC 28078-7850",0.0
"12127 MOONSHADOW LN, HUNTERSVILLE, NC 28078","12127 MOONSHADOW LN, HUNTERSVILLE, NC 28078-6858",0.0
"GILEAD RD, HUNTERSVILLE, NC 28078","600 E 4TH ST, CHARLOTTE, NC 28202-2816",15.7
"8801 GILEAD RD, HUNTERSVILLE, NC 28078","8801 GILEAD RD, HUNTERSVILLE, NC 28078-7431",0.0
"INGLEBURN LN, HUNTERSVILLE, NC 28078","11906 PO BOX, CHARLOTTE, NC 28220-1906",23.3
"8531 FOX TAIL LN, HUNTERSVILLE, NC 28078","8531 FOX TAIL LN, HUNTERSVILLE, NC 28078-4507",0.0
"8516 SUMMERFIELD LN, HUNTERSVILLE, NC 28078","8516 SUMMERFIELD LN, HUNTERSVILLE, NC 28078-6864",0.0
"8900 NEW OAK LN, HUNTERSVILLE, NC 28078","8900 NEW OAK LN, HUNTERSVILLE, NC 28078-8316",0.0
"9113 NEW OAK LN, HUNTERSVILLE, NC 28078","9113 NEW OAK LN, HUNTERSVILLE, NC 28078-8319",0.0
"9107 NEW OAK LN, HUNTERSVILLE, NC 28078","9101 NEW OAK LN, HUNTERSVILLE, NC 28078-8319",0.0
"8519 FOX TAIL LN, HUNTERSVILLE, NC 28078","8519 FOX TAIL LN, HUNTERSVILLE, NC 28078-4507",0.0
"12027 CRABAPPLE LN, HUNTERSVILLE, NC 28078","7720 MT HOLLY HUNTERSVILLE RD, CHARLOTTE, NC 28216-8714",5.9
"12533 TREASURE CV, HUNTERSVILLE, NC 28078","8703 MCILWAINE RD, HUNTERSVILLE, NC 28078-6961",0.2
"8539 NEW OAK LN, HUNTERSVILLE, NC 28078","8539 NEW OAK LN, HUNTERSVILLE, NC 28078-7100",0.0
"8503 NEW OAK LN, HUNTERSVILLE, NC 28078","8503 NEW OAK LN, HUNTERSVILLE, NC 28078-7100",0.0
"8901 NEW OAK LN, HUNTERSVILLE, NC 28078","8901 NEW OAK LN, HUNTERSVILLE, NC 28078-8321",0.0
"12621 BRADFORD HILL LN, HUNTERSVILLE, NC 28078","12621 BRADFORD HILL LN, HUNTERSVILLE, NC 28078-8310",0.0
"MOXON AL, HUNTERSVILLE, NC 28078","13777 BALLANTYNE CORPORATE PL Unit 320, CHARLOTTE, NC 28277-3428",31.2
"MCILWAINE RD, HUNTERSVILLE, NC 28078","213 MAGRUDER PL SE, LEESBURG, VA 20175-4409",391.0
"12029 MCINTOSH RD, HUNTERSVILLE, NC 28078","12029 MCINTOSH RD, HUNTERSVILLE, NC 28078-6966",0.0
"BRAMFIELD DR, HUNTERSVILLE, NC 28078","11906 PO BOX, CHARLOTTE, NC 28220-1906",23.1
"13037 ANGEL OAK DR, HUNTERSVILLE, NC 28078","13037 ANGEL OAK DR, HUNTERSVILLE, NC 28078-9176",0.0
"9209 TORRENCE CROSSING DR, HUNTERSVILLE, NC 28078","9209 TORRENCE CROSSING DR, HUNTERSVILLE, NC 28078-8134",0.0
"9003 OLD BARNETTE PL, HUNTERSVILLE, NC 28078","9003 OLD BARNETTE PL, HUNTERSVILLE, NC 28078-8161",0.0
"9023 OLD BARNETTE PL, HUNTERSVILLE, NC 28078","9023 OLD BARNETTE PL, HUNTERSVILLE, NC 28078-8161",0.0
"8509 SUMMERFIELD LN, HUNTERSVILLE, NC 28078","8509 SUMMERFIELD LN, HUNTERSVILLE, NC 28078-6864",0.0
"8508 NEW OAK LN, HUNTERSVILLE, NC 28078","8508 NEW OAK LN, HUNTERSVILLE, NC 28078-7100",0.0
"8502 NEW OAK LN, HUNTERSVILLE, NC 28078","8502 NEW OAK LN, HUNTERSVILLE, NC 28078-7100",0.0
"8225 DE SOTO AL, HUNTERSVILLE, NC 28078","1717 MAIN ST Unit 2000, DALLAS, TX 75201-4657",1033.0
"9136 BERTRAM CT, HUNTERSVILLE, NC 28078","9136 BERTRAM CT, HUNTERSVILLE, NC 28078-9184",0.0
"13026 ANGEL OAK DR, HUNTERSVILLE, NC 28078","13026 ANGEL OAK DR, HUNTERSVILLE, NC 28078-9172",0.0
"7900 GILEAD RD, HUNTERSVILLE, NC 28078","7900 GILEAD RD, HUNTERSVILLE, NC 28078-9042",0.0
"9222 AGNES PARK LN, HUNTERSVILLE, NC 28078","9200 E HAMPTON DR, CAPITOL HEIGHTS, MD 20743-3820",409.0
"9004 TORRENCE CROSSING DR, HUNTERSVILLE, NC 28078","9004 TORRENCE CROSSING DR, HUNTERSVILLE, NC 28078-8198",0.0
"9002 OLD BARNETTE PL, HUNTERSVILLE, NC 28078","9002 OLD BARNETTE PL, HUNTERSVILLE, NC 28078-8161",0.0
"9032 OLD BARNETTE PL, HUNTERSVILLE, NC 28078","9032 OLD BARNETTE PL, HUNTERSVILLE, NC 28078-8161",0.0
"9117 OLD BARNETTE PL, HUNTERSVILLE, NC 28078","9117 OLD BARNETTE PL, HUNTERSVILLE, NC 28078-8124",0.0
"9123 BERTRAM CT, HUNTERSVILLE, NC 28078","9123 BERTRAM CT, HUNTERSVILLE, NC 28078-8100",0.0
"12721 ANGEL OAK DR, HUNTERSVILLE, NC 28078","12721 ANGEL OAK DR, HUNTERSVILLE, NC 28078-7852",0.0
"12524 ANGEL OAK DR, HUNTERSVILLE, NC 28078","12524 ANGEL OAK DR, HUNTERSVILLE, NC 28078-7850",0.0
"8115 MCILWAINE RD, HUNTERSVILLE, NC 28078","2628 SHADY REACH LN, CHARLOTTE, NC 28214-1655",11.0
"8600 SUMMERFIELD LN, HUNTERSVILLE, NC 28078","8600 SUMMERFIELD LN, HUNTERSVILLE, NC 28078-6865",0.0
"12708 HOLLYHOCK LN, HUNTERSVILLE, NC 28078","12708 HOLLYHOCK LN, HUNTERSVILLE, NC 28078-6860",0.0
"8806 NEW OAK LN, HUNTERSVILLE, NC 28078","8806 NEW OAK LN, HUNTERSVILLE, NC 28078-8315",0.0
"12615 WILD LILAC CT, HUNTERSVILLE, NC 28078","12615 WILD LILAC CT, HUNTERSVILLE, NC 28078-8394",0.0
"14220 ERVIN COOK RD, HUNTERSVILLE, NC 28078","1140 VIRGINIA DR, FORT WASHINGTON, PA 19034-3204",552.0
"OLD STORE RD, HUNTERSVILLE, NC 28078","79032 PO BOX, CHARLOTTE, NC 28271-0030",15.1
"8712 FOX TAIL LN, HUNTERSVILLE, NC 28078","8712 FOX TAIL LN, HUNTERSVILLE, NC 28078-4510",0.0
"8718 FOX TAIL LN, HUNTERSVILLE, NC 28078","8718 FOX TAIL LN, HUNTERSVILLE, NC 28078-4510",0.0
"9036 TORRENCE CROSSING DR, HUNTERSVILLE, NC 28078","9036 TORRENCE CROSSING DR, HUNTERSVILLE, NC 28078-8198",0.0
"8526 FOX TAIL LN, HUNTERSVILLE, NC 28078","30601 AGOURA RD Unit 200, AGOURA HILLS, CA 91301-2148",2457.0
"8826 DOE PATH LN, HUNTERSVILLE, NC 28078","8826 DOE PATH LN, HUNTERSVILLE, NC 28078-8136",0.0
"9125 OLD BARNETTE PL, HUNTERSVILLE, NC 28078","9125 OLD BARNELLE PL, HUNTERSVILLE, NC 28078-8124",0.0
"8603 NEW OAK LN, HUNTERSVILLE, NC 28078","8603 NEW OAK LN, HUNTERSVILLE, NC 28078-8118",0.0
"12718 ANGEL OAK DR, HUNTERSVILLE, NC 28078","12718 ANGEL OAK DR, HUNTERSVILLE, NC 28078-7852",0.0
"8507 LYMAN OAK CT, HUNTERSVILLE, NC 28078","8507 LYMAN OAK CT, HUNTERSVILLE, NC 28078-6873",0.0
"12111 MOONSHADOW LN, HUNTERSVILLE, NC 28078","12111 MOONSHADOW LN, HUNTERSVILLE, NC 28078-6858",0.0
"9208 TORRENCE CROSSING DR, HUNTERSVILLE, NC 28078","9208 TORRENCE CROSSING DR, HUNTERSVILLE, NC 28078-6315",0.0
"12610 HOLLYHOCK LN, HUNTERSVILLE, NC 28078","12610 HOLLYHOCK LN, HUNTERSVILLE, NC 28078-6859",0.0
"12103 MOONSHADOW LN, HUNTERSVILLE, NC 28078","12103 MOONSHADOW LN, HUNTERSVILLE, NC 28078-6858",0.0
"8444 TATEBROOK LN, HUNTERSVILLE, NC 28078","2210 MILL RD Unit 119, ALEXANDRIA, VA 22314",394.0
"9127 BERTRAM CT, HUNTERSVILLE, NC 28078","9127 BERTRAM CT, HUNTERSVILLE, NC 28078-8100",0.0
"9224 AGNES PARK LN, HUNTERSVILLE, NC 28078","422 PO BOX, INDIAN TRAIL, NC 28079-0422",33.2
"9028 AGNES PARK LN, HUNTERSVILLE, NC 28078","9028 AGNES PARK LN, HUNTERSVILLE, NC 28078-9178",0.0
"9011 OLD BARNETTE PL, HUNTERSVILLE, NC 28078","9011 OLD BARNETTE PL, HUNTERSVILLE, NC 28078-8161",0.0
"13328 OLD STORE RD, HUNTERSVILLE, NC 28078","14619 HOLLY SPRINGS DR, HUNTERSVILLE, NC 28078-3271",3.4
"9037 GOLDEN ROCK LN, HUNTERSVILLE, NC 28078","9037 GOLDEN ROCK LN, HUNTERSVILLE, NC 28078-7433",0.0
"7901 GILEAD RD, HUNTERSVILLE, NC 28078","1140 VIRGINIA DR, FORT WASHINGTON, PA 19034-3204",551.0
"14301 ERVIN COOK RD, HUNTERSVILLE, NC 28078","14301 ERVIN COOK RD, HUNTERSVILLE, NC 28078-7552",0.0
"13001 ANGEL OAK DR, HUNTERSVILLE, NC 28078","13001 ANGEL OAK DR, HUNTERSVILLE, NC 28078-9176",0.0
"7913 GILEAD RD, HUNTERSVILLE, NC 28078","1140 VIRGINIA DR, FORT WASHINGTON, PA 19034-3204",551.0
"8933 NEW OAK LN, HUNTERSVILLE, NC 28078","8933 NEW OAK LN, HUNTERSVILLE, NC 28078-8321",0.0
"12511 PECAN HILL CT, HUNTERSVILLE, NC 28078","12511 PECAN HILL CT, HUNTERSVILLE, NC 28078-8130",0.0
"5104 INGLEBURN LN, HUNTERSVILLE, NC 28078","5104 INGLEBURN LN, HUNTERSVILLE, NC 28078-7760",0.0
"7633 GILEAD RD, HUNTERSVILLE, NC 28078","1140 VIRGINIA DR, FORT WASHINGTON, PA 19034-3204",551.0
"7420 GILEAD RD, HUNTERSVILLE, NC 28078","7420 GILEAD RD, HUNTERSVILLE, NC 28078-7533",0.0
"8518 GILEAD RD, HUNTERSVILLE, NC 28078","8516 GILEAD RD, HUNTERSVILLE, NC 28078",3.5
"12119 MOONSHADOW LN, HUNTERSVILLE, NC 28078","12119 MOONSHADOW LN, HUNTERSVILLE, NC 28078-6858",0.0
"13230 OLD STORE RD, HUNTERSVILLE, NC 28078","13230 OLD STORE RD, HUNTERSVILLE, NC 28078-7434",0.0
"8510 FOX TAIL LN, HUNTERSVILLE, NC 28078","8510 FOX TAIL LN, HUNTERSVILLE, NC 28078-4506",0.0
"14036 ERVIN COOK RD, HUNTERSVILLE, NC 28078","1140 VIRGINIA DR, FORT WASHINGTON, PA 19034-3204",551.0
"8512 NEW OAK LN, HUNTERSVILLE, NC 28078","8512 NEW OAK LN, HUNTERSVILLE, NC 28078-7100",0.0
"8524 NEW OAK LN, HUNTERSVILLE, NC 28078","1850 PARKWAY PL SE Unit 900, MARIETTA, GA 30067-8261",252.0
"9017 AGNES PARK LN, HUNTERSVILLE, NC 28078","9017 AGNES PARK LN, HUNTERSVILLE, NC 28078-9180",0.0
"9101 OLD BARNETTE PL, HUNTERSVILLE, NC 28078","214 W 42ND ST, NEW YORK, NY 10036-7202",627.0
"9124 OLD BARNETTE PL, HUNTERSVILLE, NC 28078","410 N SCOTTSDALE RD Unit 1600, TEMPE, AZ 85288-0976",2044.0
"9209 OLD BARNETTE PL, HUNTERSVILLE, NC 28078","9209 OLD BARNETTE PL, HUNTERSVILLE, NC 28078-8366",0.0
"7417 GILEAD RD, HUNTERSVILLE, NC 28078","7417 GILEAD RD, HUNTERSVILLE, NC 28078-7533",0.0
"7619 GILEAD RD, HUNTERSVILLE, NC 28078","7619 GILEAD RD, HUNTERSVILLE, NC 28078-7535",0.0
"13339 OLD STORE RD, HUNTERSVILLE, NC 28078","13339 OLD STORE RD, HUNTERSVILLE, NC 28078-7435",0.0
"13415 OLD STORE RD, HUNTERSVILLE, NC 28078","8811 DEERLAND CT, HUNTERSVILLE, NC 28078-5630",2.5
"9025 NEW OAK LN, HUNTERSVILLE, NC 28078","9025 NEW OAK LN, HUNTERSVILLE, NC 28078-8320",0.0
"12500 CEDARFORD CT, HUNTERSVILLE, NC 28078","12500 CEDARFORD CT, HUNTERSVILLE, NC 28078-7808",0.0
"8500 FOX TAIL LN, HUNTERSVILLE, NC 28078","8500 FOX TAIL LN, HUNTERSVILLE, NC 28078-4506",0.0
"8612 FOX TAIL LN, HUNTERSVILLE, NC 28078","8612 FOX TAIL LN, HUNTERSVILLE, NC 28078-4508",0.0
"8727 FOX TAIL LN, HUNTERSVILLE, NC 28078","8727 FOX TAIL LN, HUNTERSVILLE, NC 28078-4511",0.0
"9019 NEW OAK LN, HUNTERSVILLE, NC 28078","9019 NEW OAK LN, HUNTERSVILLE, NC 28078-8320",0.0
"OLD BARNETTE PL, HUNTERSVILLE, NC 28078","CHARLOTTE, NC 28222",19.4
"LEISURE LN, HUNTERSVILLE, NC 28078","600 E 4TH ST, CHARLOTTE, NC 28202-2816",18.3
"8433 BRAMFIELD DR, HUNTERSVILLE, NC 28078","8433 BRAMFIELD DR, HUNTERSVILLE, NC 28078-7813",0.0
"8834 NEW OAK LN, HUNTERSVILLE, NC 28078","8834 NEW OAK LN, HUNTERSVILLE, NC 28078-8315",0.0
"12800 BRADFORD HILL LN, HUNTERSVILLE, NC 28078","12800 BRADFORD HILL LN, HUNTERSVILLE, NC 28078-8312",0.0
"MOXON AL, HUNTERSVILLE, NC 28078","26844 PO BOX, CHARLOTTE, NC 28221-6844",11.1
"8518 LYMAN OAK CT, HUNTERSVILLE, NC 28078","8302 BRICKLE LN, HUNTERSVILLE, NC 28078-4841",7.9
"12534 PECAN HILL CT, HUNTERSVILLE, NC 28078","12534 PECAN HILL CT, HUNTERSVILLE, NC 28078-9166",0.0
"12517 PECAN HILL CT, HUNTERSVILLE, NC 28078","12517 PECAN HILL CT, HUNTERSVILLE, NC 28078-8130",0.0
"12613 BRADFORD HILL LN, HUNTERSVILLE, NC 28078","12613 BRADFORD HILL LN, HUNTERSVILLE, NC 28078-8310",0.0
"9201 TORRENCE CROSSING DR, HUNTERSVILLE, NC 28078","4090 PO BOX, SCOTTSDALE, AZ 85261-4090",2042.0
"8515 NEW OAK LN, HUNTERSVILLE, NC 28078","8515 NEW OAK LN, HUNTERSVILLE, NC 28078-7100",0.0
"8730 FOX TAIL LN, HUNTERSVILLE, NC 28078","8730 FOX TAIL LN, HUNTERSVILLE, NC 28078-4510",0.0
"14020 ERVIN COOK RD, HUNTERSVILLE, NC 28078","1140 VIRGINIA DR, FORT WASHINGTON, PA 19034-3204",551.0
"13007 ANGEL OAK DR, HUNTERSVILLE, NC 28078","13007 ANGEL OAK DR, HUNTERSVILLE, NC 28078-9176",0.0
"8231 GILEAD RD, HUNTERSVILLE, NC 28078","20117 W CATAWBA AVE, CORNELIUS, NC 28031-4007",7.6
"9030 TORRENCE CROSSING DR, HUNTERSVILLE, NC 28078","9030 TORRENCE CROSSING DR, HUNTERSVILLE, NC 28078-8198",0.0
"9035 TORRENCE CROSSING DR, HUNTERSVILLE, NC 28078","9035 TORRENCE CROSSING DR, HUNTERSVILLE, NC 28078-8198",0.0
"9109 BERTRAM CT, HUNTERSVILLE, NC 28078","9109 BERTRAM CT, HUNTERSVILLE, NC 28078-8100",0.0
"12810 ANGEL OAK DR, HUNTERSVILLE, NC 28078","12810 ANGEL OAK DR, HUNTERSVILLE, NC 28078-7853",0.0
"12518 ANGEL OAK DR, HUNTERSVILLE, NC 28078","12518 ANGEL OAK DR, HUNTERSVILLE, NC 28078-7850",0.0
"5128 INGLEBURN LN, HUNTERSVILLE, NC 28078","5128 INGLE LN, HUNTERSVILLE, NC 28078",3.4
"8427 BASSINGER DR, HUNTERSVILLE, NC 28078","8427 BASSINGER DR, HUNTERSVILLE, NC 28078-7444",0.0
"13238 OLD STORE RD, HUNTERSVILLE, NC 28078","13238 OLD STORE RD, HUNTERSVILLE, NC 28078-7434",0.0
"9008 GOLDEN ROCK LN, HUNTERSVILLE, NC 28078","9008 GOLDEN ROCK LN, HUNTERSVILLE, NC 28078-7433",0.0
"8420 SUMMERFIELD LN, HUNTERSVILLE, NC 28078","8420 SUMMERFIELD LN, HUNTERSVILLE, NC 28078-6863",0.0
"12154 MOONSHADOW LN, HUNTERSVILLE, NC 28078","12154 MOONSHADOW LN, HUNTERSVILLE, NC 28078-6858",0.0
"8422 TATEBROOK LN, HUNTERSVILLE, NC 28078","8422 TATEBROOK LN, HUNTERSVILLE, NC 28078-6855",0.0
"8342 STAYMAN CT, HUNTERSVILLE, NC 28078","8342 STAYMAN CT, HUNTERSVILLE, NC 28078-9204",0.0
"8519 GILEAD RD, HUNTERSVILLE, NC 28078","8519 GILEAD RD, HUNTERSVILLE, NC 28078-7428",0.0
"7401 GILEAD RD, HUNTERSVILLE, NC 28078","4321 WANAMASSA DR, CHARLOTTE, NC 28269-1646",11.6
"12015 CRABAPPLE LN, HUNTERSVILLE, NC 28078","12015 CRABAPPLE LN, HUNTERSVILLE, NC 28078-7333",0.0
"11931 CRABAPPLE LN, HUNTERSVILLE, NC 28078","11931 CRABAPPLE LN, HUNTERSVILLE, NC 28078-9202",0.0
"8300 STAYMAN CT, HUNTERSVILLE, NC 28078","8300 STAYMAN CT, HUNTERSVILLE, NC 28078-9204",0.0
"12006 CRABAPPLE LN, HUNTERSVILLE, NC 28078","12006 CRABAPPLE LN, HUNTERSVILLE, NC 28078-7333",0.0
"12001 MCINTOSH RD, HUNTERSVILLE, NC 28078","6509 RIVERINE DR, CHARLOTTE, NC 28216-7793",5.7
"8722 FOX TAIL LN, HUNTERSVILLE, NC 28078","8722 FOX TAIL LN, HUNTERSVILLE, NC 28078-4510",0.0
"MOXON AL, HUNTERSVILLE, NC 28078","26844 PO BOX, CHARLOTTE, NC 28221-6844",11.1
"9117 BERTRAM CT, HUNTERSVILLE, NC 28078","9117 BERTRAM CT, HUNTERSVILLE, NC 28078-8100",0.0
"8639 SUMMERFIELD LN, HUNTERSVILLE, NC 28078","8639 SUMMERFIELD LN, HUNTERSVILLE, NC 28078-6865",0.0
"12620 HOLLYHOCK LN, HUNTERSVILLE, NC 28078","12620 HOLLYHOCK LN, HUNTERSVILLE, NC 28078-6859",0.0
"12909 FALLCROSS CT, HUNTERSVILLE, NC 28078","12909 FALLCROSS CT, HUNTERSVILLE, NC 28078-6857",0.0
"9011 AGNES PARK LN, HUNTERSVILLE, NC 28078","9011 AGNES PARK LN, HUNTERSVILLE, NC 28078-9180",0.0
"8432 BASSINGER DR, HUNTERSVILLE, NC 28078","21020 LAKEVIRE CR, CORNELIUS, NC 28031",9.3
"13333 OLD STORE RD, HUNTERSVILLE, NC 28078","13333 OLD STORE RD, HUNTERSVILLE, NC 28078-7435",0.0
"8721 NEW OAK LN, HUNTERSVILLE, NC 28078","8721 NEW OAK LN, HUNTERSVILLE, NC 28078-8323",0.0
"8813 NEW OAK LN, HUNTERSVILLE, NC 28078","8813 NEW OAK LN, HUNTERSVILLE, NC 28078-8322",0.0
"9024 TORRENCE CROSSING DR, HUNTERSVILLE, NC 28078","9024 TORRENCE CROSSING DR, HUNTERSVILLE, NC 28078-8198",0.0
"9026 OLD BARNETTE PL, HUNTERSVILLE, NC 28078","9026 OLD BARNETTE PL, HUNTERSVILLE, NC 28078-8161",0.0
"8618 DOE PATH LN, HUNTERSVILLE, NC 28078","8618 DOE PATH LN, HUNTERSVILLE, NC 28078-8133",0.0
"9116 OLD BARNETTE PL, HUNTERSVILLE, NC 28078","120 S RIVERSIDE PLZ Unit 2000, CHICAGO, IL 60606-6995",743.0
"12528 ANGEL OAK DR, HUNTERSVILLE, NC 28078","12528 ANGEL OAK DR, HUNTERSVILLE, NC 28078-7850",0.0
"8427 BRAMFIELD DR, HUNTERSVILLE, NC 28078","8427 BRAMFIELD DR, HUNTERSVILLE, NC 28078-7813",0.0
"5111 INGLEBURN LN, HUNTERSVILLE, NC 28078","5111 INGLEBURN LN, HUNTERSVILLE, NC 28078-7760",0.0
"8402 SUMMERFIELD LN, HUNTERSVILLE, NC 28078","2529 RED MAPLE LN, HARRISBURG, NC 28075-4506",22.3
"8516 LYMAN OAK CT, HUNTERSVILLE, NC 28078","8516 LYMAN OAK CT, HUNTERSVILLE, NC 28078-6873",0.0
"12813 ANGEL OAK DR, HUNTERSVILLE, NC 28078","12813 ANGEL OAK DR, HUNTERSVILLE, NC 28078-7853",0.0
"13950 GILEAD RD, HUNTERSVILLE, NC 28078","1140 VIRGINIA DR, FORT WASHINGTON, PA 19034-3204",551.0
"8624 FOX TAIL LN, HUNTERSVILLE, NC 28078","21444 COUNTRY CLUB DR, CORNELIUS, NC 28031-6630",9.4
"8711 FOX TAIL LN, HUNTERSVILLE, NC 28078","8711 FOX TAIL LN, HUNTERSVILLE, NC 28078-4511",0.0
"9029 TORRENCE CROSSING DR, HUNTERSVILLE, NC 28078","9029 TORRENCE CROSSING DR, HUNTERSVILLE, NC 28078-8198",0.0
"9008 TORRENCE CROSSING DR, HUNTERSVILLE, NC 28078","9008 TORRENCE CROSSING DR, HUNTERSVILLE, NC 28078-8198",0.0
"7611 GILEAD RD, HUNTERSVILLE, NC 28078","7825 GILEAD RD, HUNTERSVILLE, NC 28078-7537",0.2
"8603 SUMMERFIELD LN, HUNTERSVILLE, NC 28078","8603 SUMMERFIELD LN, HUNTERSVILLE, NC 28078-6865",0.0
"8511 TATEBROOK LN, HUNTERSVILLE, NC 28078","8511 TATEBROOK LN, HUNTERSVILLE, NC 28078-6856",0.0
"8436 TATEBROOK LN, HUNTERSVILLE, NC 28078","8436 TATEBROOK LN, HUNTERSVILLE, NC 28078-6855",0.0
"8403 SUMMERFIELD LN, HUNTERSVILLE, NC 28078","8403 SUMMERFIELD LN, HUNTERSVILLE, NC 28078-6863",0.0
"8432 SUMMERFIELD LN, HUNTERSVILLE, NC 28078","8432 SUMMERFIELD LN, HUNTERSVILLE, NC 28078-6863",0.0
"9337 OLD BARNETTE PL, HUNTERSVILLE, NC 28078","9337 OLD BARNETTE PL, HUNTERSVILLE, NC 28078-8365",0.0
"4255 VANCE RD, HUNTERSVILLE, NC 28078","105 BARRISTER BAY LN, MOORESVILLE, NC 28117-8508",14.1
"9215 TORRENCE CROSSING DR, HUNTERSVILLE, NC 28078","9215 TORRENCE CROSSING DR, HUNTERSVILLE, NC 28078-8134",0.0
"12816 ANGEL OAK DR, HUNTERSVILLE, NC 28078","12816 ANGEL OAK DR, HUNTERSVILLE, NC 28078-7853",0.0
"12522 HAWKS RIDGE RD, HUNTERSVILLE, NC 28078","71 REYNOLDS ST, BRONX, NY 10464-1517",645.0
"12807 ANGEL OAK DR, HUNTERSVILLE, NC 28078","12807 ANGEL OAK DR, HUNTERSVILLE, NC 28078-7853",0.0
"12525 ANGEL OAK DR, HUNTERSVILLE, NC 28078","12525 ANGEL OAK DR, HUNTERSVILLE, NC 28078-7850",0.0
"8229 GILEAD RD, HUNTERSVILLE, NC 28078","20117 W CATAWBA AVE, CORNELIUS, NC 28031-4007",7.7
"13404 OLD STORE RD, HUNTERSVILLE, NC 28078","13404 OLD STORE RD, HUNTERSVILLE, NC 28078-7436",0.0
"8522 FOX TAIL LN, HUNTERSVILLE, NC 28078","8522 FOX TAIL LN, HUNTERSVILLE, NC 28078-4506",0.0
"8726 FOX TAIL LN, HUNTERSVILLE, NC 28078","8726 FOX TAIL LN, HUNTERSVILLE, NC 28078-4510",0.0
"12530 PECAN HILL CT, HUNTERSVILLE, NC 28078","12530 PECAN HILL CT, HUNTERSVILLE, NC 28078-9166",0.0
"12122 MCINTOSH RD, HUNTERSVILLE, NC 28078","9802 MOUNT HOLLY HNTRSVLLE RD, HUNTERSVILLE, NC 28078-7608",4.0
"8701 NEW OAK LN, HUNTERSVILLE, NC 28078","8701 NEW OAK LN, HUNTERSVILLE, NC 28078-8323",0.0
"8504 FOX TAIL LN, HUNTERSVILLE, NC 28078","8504 FOX TRAIL LN, HUNTERSVILLE, NC 28078-4506",9.4
"RIVERWILLOW DR, HUNTERSVILLE, NC 28078","11906 PO BOX, CHARLOTTE, NC 28220-1906",20.6
"4208 AMWELL DR, HUNTERSVILLE, NC 28078","4208 AMWELL DR, HUNTERSVILLE, NC 28078-1007",0.0
"13911 GILEAD RD, HUNTERSVILLE, NC 28078","1140 VIRGINIA DR, FORT WASHINGTON, PA 19034-3204",551.0
"8200 GILEAD RD, HUNTERSVILLE, NC 28078","600 E 4TH ST, CHARLOTTE, NC 28202-2816",16.6
"7311 MOXON AL, HUNTERSVILLE, NC 28078","26844 PO BOX, CHARLOTTE, NC 28221-6844",11.1
"8137 MCILWAINE RD, HUNTERSVILLE, NC 28078","700 N TRYON ST, CHARLOTTE, NC 28202-2222",14.0
"8303 STAYMAN CT, HUNTERSVILLE, NC 28078","8303 STAYMAN CT, HUNTERSVILLE, NC 28078-9204",0.0
"14315 ERVIN COOK RD, HUNTERSVILLE, NC 28078","6244 STEPHENS GROVE LN, HUNTERSVILLE, NC 28078-3305",3.5
"8001 GILEAD RD, HUNTERSVILLE, NC 28078","1140 VIRGINIA DR, FORT WASHINGTON, PA 19034-3204",551.0
"8511 BRAMFIELD DR, HUNTERSVILLE, NC 28078","8511 BRAMFIELD DR, HUNTERSVILLE, NC 28078-7814",0.0
"4251 VANCE RD, HUNTERSVILLE, NC 28078","4251 VANCE RD N, HUNTERSVILLE, NC 28078-1006",0.0
"4216 AMWELL DR, HUNTERSVILLE, NC 28078","4216 AMWELL DR, HUNTERSVILLE, NC 28078-1007",0.0
"12707 HOLLYHOCK LN, HUNTERSVILLE, NC 28078","12707 HOLLYHOCK LN, HUNTERSVILLE, NC 28078-6860",0.0
"12924 ANGEL OAK DR, HUNTERSVILLE, NC 28078","12924 ANGEL OAK DR, HUNTERSVILLE, NC 28078-9170",0.0
"8604 DOE PATH LN, HUNTERSVILLE, NC 28078","7554 COASTAL WAY, HUNTERSVILLE, NC 28078-2360",3.0
"9100 OLD BARNETTE PL, HUNTERSVILLE, NC 28078","9100 OLD BARNETTE PL, HUNTERSVILLE, NC 28078-8119",0.0
"8511 FOX TAIL LN, HUNTERSVILLE, NC 28078","8511 FOX TAIL LN, HUNTERSVILLE, NC 28078-4507",0.0
"13025 ANGEL OAK DR, HUNTERSVILLE, NC 28078","13025 ANGEL OAK DR, HUNTERSVILLE, NC 28078-9176",0.0
"9000 NEW OAK LN, HUNTERSVILLE, NC 28078","2184 PO BOX, HUNTERSVILLE, NC 28070-2184",2.7
"9002 GOLDEN ROCK LN, HUNTERSVILLE, NC 28078","9002 GOLDEN ROCK LN, HUNTERSVILLE, NC 28078-7433",0.0
"13405 OLD STORE RD, HUNTERSVILLE, NC 28078","13405 OLD STORE RD, HUNTERSVILLE, NC 28078-7436",0.0
"8510 LYMAN OAK CT, HUNTERSVILLE, NC 28078","8510 LYMAN OAK CT, HUNTERSVILLE, NC 28078-6873",0.0
"12721 HOLLYHOCK LN, HUNTERSVILLE, NC 28078","12721 HOLLYHOCK LN, HUNTERSVILLE, NC 28078-6860",0.0
"12137 MOONSHADOW LN, HUNTERSVILLE, NC 28078","1850 PARKWAY PL SE Unit 900, MARIETTA, GA 30067-8261",252.0
"9216 TORRENCE CROSSING DR, HUNTERSVILLE, NC 28078","5001 PLAZA ON THE LK Unit 200, AUSTIN, TX 78746-1053",1179.0
"8503 SUMMERFIELD LN, HUNTERSVILLE, NC 28078","8503 SUMMERFIELD LN, HUNTERSVILLE, NC 28078-6864",0.0
"4224 AMWELL DR, HUNTERSVILLE, NC 28078","4224 AMWELL DR, HUNTERSVILLE, NC 28078-1007",0.0
"12627 WILD LILAC CT, HUNTERSVILLE, NC 28078","12627 WILD LILAC CT, HUNTERSVILLE, NC 28078-8394",0.0
"9000 TORRENCE CROSSING DR, HUNTERSVILLE, NC 28078","205 REGENCY EXECUTIVE PARK DR, CHARLOTTE, NC 28217-3986",21.6
"8508 SUMMERFIELD LN, HUNTERSVILLE, NC 28078","8508 SUMMERFIELD LN, HUNTERSVILLE, NC 28078-6864",0.0
"8419 SUMMERFIELD LN, HUNTERSVILLE, NC 28078","8419 SUMMERFIELD LN, HUNTERSVILLE, NC 28078-6863",0.0
"8914 NEW OAK LN, HUNTERSVILLE, NC 28078","71 REYNOLDS ST, BRONX, NY 10464-1517",645.0
"8601 DOE PATH LN, HUNTERSVILLE, NC 28078","8601 DOE PATH LN, HUNTERSVILLE, NC 28078-8137",0.0
"8713 NEW OAK LN, HUNTERSVILLE, NC 28078","8713 NEW OAK LN, HUNTERSVILLE, NC 28078-8323",0.0
"12626 WILD LILAC CT, HUNTERSVILLE, NC 28078","2711 N HASKELL AVE Unit 2100, DALLAS, TX 75204-2970",1032.0
"TATEBROOK LN, HUNTERSVILLE, NC 28078","600 E 4TH ST, CHARLOTTE, NC 28202-2816",16.1
"12508 HAWKS RIDGE RD, HUNTERSVILLE, NC 28078","4090 PO BOX, SCOTTSDALE, AZ 85261-4090",2039.0
"8723 DOE PATH LN, HUNTERSVILLE, NC 28078","1850 PARKWAY PL SE Unit 900, MARIETTA, GA 30067-8261",252.0
"8700 DOE PATH LN, HUNTERSVILLE, NC 28078","8700 DOE PATH LN, HUNTERSVILLE, NC 28078-8135",0.0
"9115 TORRENCE CROSSING DR, HUNTERSVILLE, NC 28078","9115 TORRENCE CROSSING DR, HUNTERSVILLE, NC 28078-8129",0.0
"9118 TORRENCE CROSSING DR, HUNTERSVILLE, NC 28078","9118 TORRENCE CROSSING DR, HUNTERSVILLE, NC 28078-8128",0.0
"12622 ANGEL OAK DR, HUNTERSVILLE, NC 28078","12622 ANGEL OAK DR, HUNTERSVILLE, NC 28078-7851",0.0
"9222 TORRENCE CROSSING DR, HUNTERSVILLE, NC 28078","9222 TORRENCE CROSSING DR, HUNTERSVILLE, NC 28078-6315",0.0
"12149 MOONSHADOW LN, HUNTERSVILLE, NC 28078","12149 MOONSHADOW LN, HUNTERSVILLE, NC 28078-6858",0.0
"12143 MOONSHADOW LN, HUNTERSVILLE, NC 28078","15204 CARRINGTON RIDGE DR, HUNTERSVILLE, NC 28078-1221",2.7
"5103 INGLEBURN LN, HUNTERSVILLE, NC 28078","5103 INGLEBURN LN, HUNTERSVILLE, NC 28078-7760",0.0
"8422 BRAMFIELD DR, HUNTERSVILLE, NC 28078","8422 BRAMFIELD DR, HUNTERSVILLE, NC 28078-7813",0.0
"12901 ANGEL OAK DR, HUNTERSVILLE, NC 28078","4090 PO BOX, SCOTTSDALE, AZ 85261-4090",2039.0
"TORRENCE CROSSING DR, HUNTERSVILLE, NC 28078","CHARLOTTE, NC 28222",19.2
"8414 SUMMERFIELD LN, HUNTERSVILLE, NC 28078","8414 SUMMERFIELD LN, HUNTERSVILLE, NC 28078-6863",0.0
"7914 GILEAD RD, HUNTERSVILLE, NC 28078","7914 GILEAD RD, HUNTERSVILLE, NC 28078-9042",0.0
"9220 TORRENCE CROSSING DR, HUNTERSVILLE, NC 28078","9220 TORRENCE CROSSING DR, HUNTERSVILLE, NC 28078-6315",0.0
"8415 TATEBROOK LN, HUNTERSVILLE, NC 28078","8415 TATEBROOK LN, HUNTERSVILLE, NC 28078-6855",0.0
"8421 TATEBROOK LN, HUNTERSVILLE, NC 28078","8421 TATEBROOK LN, HUNTERSVILLE, NC 28078-6855",0.0
"7515 GILEAD RD, HUNTERSVILLE, NC 28078","7515 GILEAD RD, HUNTERSVILLE, NC 28078-7534",0.0
"13013 ANGEL OAK DR, HUNTERSVILLE, NC 28078","13013 ANGEL OAK DR, HUNTERSVILLE, NC 28078-9176",0.0
"12630 WILD LILAC CT, HUNTERSVILLE, NC 28078","12630 WILD LILAC CT, HUNTERSVILLE, NC 28078-8394",0.0
"8707 NEW OAK LN, HUNTERSVILLE, NC 28078","8707 NEW OAK LN, HUNTERSVILLE, NC 28078-8323",0.0
"8818 NEW OAK LN, HUNTERSVILLE, NC 28078","8818 NEW OAK LN, HUNTERSVILLE, NC 28078-8315",0.0
"9123 TORRENCE CROSSING DR, HUNTERSVILLE, NC 28078","4090 PO BOX, SCOTTSDALE, AZ 85261-4090",2042.0
"9112 TORRENCE CROSSING DR, HUNTERSVILLE, NC 28078","9112 TORRENCE CROSSING DR, HUNTERSVILLE, NC 28078-8128",0.0
"12819 ANGEL OAK DR, HUNTERSVILLE, NC 28078","12819 ANGEL OAK DR, HUNTERSVILLE, NC 28078-7853",0.0
"12521 CEDARFORD CT, HUNTERSVILLE, NC 28078","12521 CEDARFORD CT, HUNTERSVILLE, NC 28078-7808",0.0
"13411 OLD STORE RD, HUNTERSVILLE, NC 28078","5919 CHECKERBERRY LN, HUNTERSVILLE, NC 28078-3326",4.1
"12025 MOONSHADOW LN, HUNTERSVILLE, NC 28078","12025 MOONSHADOW LN, HUNTERSVILLE, NC 28078-6879",0.0
"8416 TATEBROOK LN, HUNTERSVILLE, NC 28078","8416 TATEBROOK LN, HUNTERSVILLE, NC 28078-6855",0.0
"7424 GILEAD RD, HUNTERSVILLE, NC 28078","1850 PARKWAY PL SE Unit 900, MARIETTA, GA 30067-8261",254.0
"8229 BUD HENDERSON RD, HUNTERSVILLE, NC 28078","144 MARINER POINTE LN, MOORESVILLE, NC 28117-8845",20.7
"12621 ANGEL OAK DR, HUNTERSVILLE, NC 28078","12621 ANGEL OAK DR, HUNTERSVILLE, NC 28078-7851",0.0
"8612 SUMMERFIELD LN, HUNTERSVILLE, NC 28078","8612 SUMMERFIELD LN, HUNTERSVILLE, NC 28078-6865",0.0
"12128 MCINTOSH RD, HUNTERSVILLE, NC 28078","17430 W CATAWBA AVE, CORNELIUS, NC 28031-5679",7.4
"7300 GILEAD RD, HUNTERSVILLE, NC 28078","26844 PO BOX, CHARLOTTE, NC 28221-6844",11.2
"13340 OLD STORE RD, HUNTERSVILLE, NC 28078","13340 OLD STORE RD, HUNTERSVILLE, NC 28078-7435",0.0
"9020 GOLDEN ROCK LN, HUNTERSVILLE, NC 28078","9020 GOLDEN ROCK LN, HUNTERSVILLE, NC 28078-7433",0.0
"8700 FOX TAIL LN, HUNTERSVILLE, NC 28078","8700 FOX TAIL LN, HUNTERSVILLE, NC 28078-4510",0.0
"12915 FALLCROSS CT, HUNTERSVILLE, NC 28078","12915 FALLCROSS CT, HUNTERSVILLE, NC 28078-6857",0.0
"8400 TATEBROOK LN, HUNTERSVILLE, NC 28078","8400 TATEBROOK LN, HUNTERSVILLE, NC 28078-6855",0.0
"9008 OLD BARNETTE PL, HUNTERSVILLE, NC 28078","9008 OLD BARNETTE PL, HUNTERSVILLE, NC 28078-8161",0.0
"4220 AMWELL DR, HUNTERSVILLE, NC 28078","4220 AMWELL DR, HUNTERSVILLE, NC 28078-1007",0.0
"8927 NEW OAK LN, HUNTERSVILLE, NC 28078","8927 NEW OAK LN, HUNTERSVILLE, NC 28078-8321",0.0
"12506 CEDARFORD CT, HUNTERSVILLE, NC 28078","12506 CEDARFORD CT, HUNTERSVILLE, NC 28078-7808",0.0
"12504 PECAN HILL CT, HUNTERSVILLE, NC 28078","12504 PECAN HILL CT, HUNTERSVILLE, NC 28078-9166",0.0
"14012 ERVIN COOK RD, HUNTERSVILLE, NC 28078","14012 ERVIN COOK RD, HUNTERSVILLE, NC 28078-7549",0.0
"8237 BUD HENDERSON RD, HUNTERSVILLE, NC 28078","8237 BUD HENDERSON RD, HUNTERSVILLE, NC 28078-7510",0.0
"11940 MCINTOSH RD, HUNTERSVILLE, NC 28078","11940 MCINTOSH RD, HUNTERSVILLE, NC 28078-9201",0.0
"9009 NEW OAK LN, HUNTERSVILLE, NC 28078","9009 NEW OAK LN, HUNTERSVILLE, NC 28078-8320",0.0
"8619 FOX TAIL LN, HUNTERSVILLE, NC 28078","8619 FOX TAIL LN, HUNTERSVILLE, NC 28078-4509",0.0
"12722 GREEN ASHE DR, HUNTERSVILLE, NC 28078","12722 GREEN ASHE DR, HUNTERSVILLE, NC 28078-4504",0.0
"12714 GREEN ASHE DR, HUNTERSVILLE, NC 28078","12714 GREEN ASHE DR, HUNTERSVILLE, NC 28078-4504",0.0
"GILEAD RD, HUNTERSVILLE, NC 28078","8428 GILEAD RD, HUNTERSVILLE, NC 28078-7427",3.0
"RIVERWILLOW DR, HUNTERSVILLE, NC 28078","11906 PO BOX, CHARLOTTE, NC 28220-1906",20.6
"5135 INGLEBURN LN, HUNTERSVILLE, NC 28078","5135 INGLEBURN LN, HUNTERSVILLE, NC 28078-7760",0.0
"7828 GILEAD RD, HUNTERSVILLE, NC 28078","7828 GILEAD RD, HUNTERSVILLE, NC 28078-7537",0.0
"12626 HOLLYHOCK LN, HUNTERSVILLE, NC 28078","12626 HOLLYHOCK LN, HUNTERSVILLE, NC 28078-6859",0.0
"8513 LYMAN OAK CT, HUNTERSVILLE, NC 28078","8513 LYMAN OAK CT, HUNTERSVILLE, NC 28078-6873",0.0
"12825 ANGEL OAK DR, HUNTERSVILLE, NC 28078","12825 ANGEL OAK DR, HUNTERSVILLE, NC 28078-7853",0.0
"8714 DOE PATH LN, HUNTERSVILLE, NC 28078","3423 W 228TH ST, TORRANCE, CA 90505-2635",2442.0
"8629 NEW OAK LN, HUNTERSVILLE, NC 28078","8629 NEW OAK LN, HUNTERSVILLE, NC 28078-8118",0.0
"9117 AGNES PARK LN, HUNTERSVILLE, NC 28078","9117 AGNES PARK LN, HUNTERSVILLE, NC 28078-8393",0.0
"8404 TATEBROOK LN, HUNTERSVILLE, NC 28078","8404 TATEBROOK LN, HUNTERSVILLE, NC 28078-6855",0.0
"8427 TATEBROOK LN, HUNTERSVILLE, NC 28078","8427 TATEBROOK LN, HUNTERSVILLE, NC 28078-6855",0.0
"8630 SUMMERFIELD LN, HUNTERSVILLE, NC 28078","8630 SUMMERFIELD LN, HUNTERSVILLE, NC 28078-6865",0.0
"8873 STRATTON FARM RD, HUNTERSVILLE, NC 28078","11906 PO BOX, CHARLOTTE, NC 28220-1906",20.2
"12931 ANGEL OAK DR, HUNTERSVILLE, NC 28078","12931 ANGEL OAK DR, HUNTERSVILLE, NC 28078-9170",0.0
"12919 ANGEL OAK DR, HUNTERSVILLE, NC 28078","12919 ANGEL OAK DR, HUNTERSVILLE, NC 28078-9170",0.0
"12914 ANGEL OAK DR, HUNTERSVILLE, NC 28078","12914 ANGEL OAK DR, HUNTERSVILLE, NC 28078-9170",0.0
"9212 AGNES PARK LN, HUNTERSVILLE, NC 28078","9212 AGNES PARK LN, HUNTERSVILLE, NC 28078-8391",0.0
"12501 HAWKS RIDGE RD, HUNTERSVILLE, NC 28078","1850 PARKWAY PL SE Unit 900, MARIETTA, GA 30067-8261",252.0
"12511 CEDARFORD CT, HUNTERSVILLE, NC 28078","12511 CEDARFORD CT, HUNTERSVILLE, NC 28078-7808",0.0
"8540 NEW OAK LN, HUNTERSVILLE, NC 28078","8540 NEW OAK LN, HUNTERSVILLE, NC 28078-7100",0.0
"12153 MOONSHADOW LN, HUNTERSVILLE, NC 28078","12153 MOONSHADOW LN, HUNTERSVILLE, NC 28078-6858",0.0
"8303 APPLESEED CT, HUNTERSVILLE, NC 28078","8303 APPLESEED CT, HUNTERSVILLE, NC 28078-9203",0.0
"12032 MCINTOSH RD, HUNTERSVILLE, NC 28078","12032 MCINTOSH RD, HUNTERSVILLE, NC 28078-6966",0.0
"8315 STAYMAN CT, HUNTERSVILLE, NC 28078","8315 STAYMAN CT, HUNTERSVILLE, NC 28078-9204",0.0
"12040 MCINTOSH RD, HUNTERSVILLE, NC 28078","12040 MCINTOSH RD, HUNTERSVILLE, NC 28078-6966",0.0
"8626 DOE PATH LN, HUNTERSVILLE, NC 28078","8626 DOE PATH LN, HUNTERSVILLE, NC 28078-8133",0.0
"8707 FOX TAIL LN, HUNTERSVILLE, NC 28078","8707 FOX TAIL LN, HUNTERSVILLE, NC 28078-4511",0.0
"9014 OLD BARNETTE PL, HUNTERSVILLE, NC 28078","9014 OLD BARNETTE PL, HUNTERSVILLE, NC 28078-8161",0.0
"8607 FOX TAIL LN, HUNTERSVILLE, NC 28078","8607 FOX TAIL LN, HUNTERSVILLE, NC 28078-4509",0.0
"8708 DOE PATH LN, HUNTERSVILLE, NC 28078","8708 DOE PATH LN, HUNTERSVILLE, NC 28078-8135",0.0
"12013 MOONSHADOW LN, HUNTERSVILLE, NC 28078","12013 MOONSHADOW LN, HUNTERSVILLE, NC 28078-6879",0.0
"12501 CEDARFORD CT, HUNTERSVILLE, NC 28078","12501 CEDARFORD CT, HUNTERSVILLE, NC 28078-7808",0.0
"12019 MOONSHADOW LN, HUNTERSVILLE, NC 28078","12019 MOONSHADOW LN, HUNTERSVILLE, NC 28078-6879",0.0
"9200 TORRENCE CROSSING DR, HUNTERSVILLE, NC 28078","9200 TORRENCE CROSSING DR, HUNTERSVILLE, NC 28078-6315",0.0
"12716 HOLLYHOCK LN, HUNTERSVILLE, NC 28078","12716 HOLLYHOCK LN, HUNTERSVILLE, NC 28078-6860",0.0
"12142 MOONSHADOW LN, HUNTERSVILLE, NC 28078","12142 MOONSHADOW LN, HUNTERSVILLE, NC 28078-6858",0.0
"12100 MCINTOSH RD, HUNTERSVILLE, NC 28078","12108 MCINTOSH RD, HUNTERSVILLE, NC 28078-6967",0.0
"4212 AMWELL DR, HUNTERSVILLE, NC 28078","4212 AMWELL DR, HUNTERSVILLE, NC 28078-1007",0.0
"GILEAD RD, HUNTERSVILLE, NC 28078","8800 GILEAD RD, HUNTERSVILLE, NC 28078-7431",0.2
"12824 BRADFORD HILL LN, HUNTERSVILLE, NC 28078","12824 BRADFORD HILL LN, HUNTERSVILLE, NC 28078-8312",0.0
"13420 OLD STORE RD, HUNTERSVILLE, NC 28078","13420 OLD STORE RD, HUNTERSVILLE, NC 28078-7436",0.0
"13216 OLD STORE RD, HUNTERSVILLE, NC 28078","13216 OLD STORE RD, HUNTERSVILLE, NC 28078-7434",0.0
"9026 GOLDEN ROCK LN, HUNTERSVILLE, NC 28078","9026 GOLDEN ROCK LN, HUNTERSVILLE, NC 28078-7433",0.0
"9035 OLD BARNETTE PL, HUNTERSVILLE, NC 28078","9035 OLD BARNETTE PL, HUNTERSVILLE, NC 28078-8161",0.0
"9135 AGNES PARK LN, HUNTERSVILLE, NC 28078","9135 AGNES PARK LN, HUNTERSVILLE, NC 28078-8393",0.0
"8724 NEW OAK LN, HUNTERSVILLE, NC 28078","8724 NEW OAK LN, HUNTERSVILLE, NC 28078-8314",0.0
"12505 HAWKS RIDGE RD, HUNTERSVILLE, NC 28078","12505 HAWKSRIDGE RD, HUNTERSVILLE, NC 28078-8141",0.0
"9014 GOLDEN ROCK LN, HUNTERSVILLE, NC 28078","16803 HUGH TORANCE PKWY, HUNTERSVILLE, NC 28078",2.5
"12611 HOLLYHOCK LN, HUNTERSVILLE, NC 28078","12611 HOLLYHOCK LN, HUNTERSVILLE, NC 28078-6859",0.0
"8533 NEW OAK LN, HUNTERSVILLE, NC 28078","8533 NEW OAK LN, HUNTERSVILLE, NC 28078-7100",0.0
"8500 SUMMERFIELD LN, HUNTERSVILLE, NC 28078","8500 SUMMERFIELD LN, HUNTERSVILLE, NC 28078-6864",0.0
"12903 FALLCROSS CT, HUNTERSVILLE, NC 28078","12903 FALLCROSS CT, HUNTERSVILLE, NC 28078-6857",0.0
"14107 ERVIN COOK RD, HUNTERSVILLE, NC 28078","1140 VIRGINIA DR, FORT WASHINGTON, PA 19034-3204",551.0
"7412 GILEAD RD, HUNTERSVILLE, NC 28078","7412 GILEAD RD, HUNTERSVILLE, NC 28078-7533",0.0
"BRADFORD HILL LN, HUNTERSVILLE, NC 28078","600 E 4TH ST, CHARLOTTE, NC 28202-2816",16.5
"8615 NEW OAK LN, HUNTERSVILLE, NC 28078","8615 NEW OAK LN, HUNTERSVILLE, NC 28078-8118",0.0
"8606 FOX TAIL LN, HUNTERSVILLE, NC 28078","8606 FOX TAIL LN, HUNTERSVILLE, NC 28078-4508",0.0
"9020 TORRENCE CROSSING DR, HUNTERSVILLE, NC 28078","9020 TORRENCE CROSSING DR, HUNTERSVILLE, NC 28078-8198",0.0
"12731 GREEN ASHE DR, HUNTERSVILLE, NC 28078","12731 GREEN ASHE DR, HUNTERSVILLE, NC 28078-4505",0.0
"14110 ERVIN COOK RD, HUNTERSVILLE, NC 28078","1140 VIRGINIA DR, FORT WASHINGTON, PA 19034-3204",551.0
"7431 GILEAD RD, HUNTERSVILLE, NC 28078","7515 GILEAD RD, HUNTERSVILLE, NC 28078-7534",0.5
"8613 SUMMERFIELD LN, HUNTERSVILLE, NC 28078","8613 SUMMERFIELD LN, HUNTERSVILLE, NC 28078-6865",0.0
"8517 TATEBROOK LN, HUNTERSVILLE, NC 28078","8517 TATEBROOK LN, HUNTERSVILLE, NC 28078-6856",0.0
"8031 GILEAD RD, HUNTERSVILLE, NC 28078","700 N TRYON ST, CHARLOTTE, NC 28202-2222",15.0
"12621 WILD LILAC CT, HUNTERSVILLE, NC 28078","12621 WILD LILAC CT, HUNTERSVILLE, NC 28078-8394",0.0
"8810 DOE PATH LN, HUNTERSVILLE, NC 28078","8810 DOE PATH LN, HUNTERSVILLE, NC 28078-8136",0.0
"9001 NEW OAK LN, HUNTERSVILLE, NC 28078","9001 NEW OAK LN, HUNTERSVILLE, NC 28078-8320",0.0
"7700 GILEAD RD, HUNTERSVILLE, NC 28078","600 E 4TH ST, CHARLOTTE, NC 28202-2816",17.1
"8706 FOX TAIL LN, HUNTERSVILLE, NC 28078","8706 FOX TAIL LN, HUNTERSVILLE, NC 28078-4510",0.0
"9120 NEW OAK LN, HUNTERSVILLE, NC 28078","9120 NEW OAK LN, HUNTERSVILLE, NC 28078-8318",0.0
"12526 PECAN HILL CT, HUNTERSVILLE, NC 28078","12526 PECAN HILL CT, HUNTERSVILLE, NC 28078-9166",0.0
"12507 PECAN HILL CT, HUNTERSVILLE, NC 28078","12507 PECAN HILL CT, HUNTERSVILLE, NC 28078-8130",0.0
"9103 TORRENCE CROSSING DR, HUNTERSVILLE, NC 28078","9103 TORRENCE CROSSING DR, HUNTERSVILLE, NC 28078-8129",0.0
"4303 VANCE RD, HUNTERSVILLE, NC 28078","4303 VANCE RD N, HUNTERSVILLE, NC 28078-1010",0.0
"8221 DE SOTO AL, HUNTERSVILLE, NC 28078","8221 DE SOTO ALY, HUNTERSVILLE, NC 28078-1290",0.0
"8917 NEW OAK LN, HUNTERSVILLE, NC 28078","8917 NEW OAK LN, HUNTERSVILLE, NC 28078-8321",0.0
"8800 NEW OAK LN, HUNTERSVILLE, NC 28078","8800 NEW OAK LN, HUNTERSVILLE, NC 28078-8315",0.0
"SHEPPARTON DR, HUNTERSVILLE, NC 28078","600 E 4TH ST, CHARLOTTE, NC 28202-2816",15.6
"12024 CRABAPPLE LN, HUNTERSVILLE, NC 28078","12046 CRABAPPLE LN, HUNTERSVILLE, NC 28078-7333",0.0
"NEW OAK LN, HUNTERSVILLE, NC 28078","600 E 4TH ST, CHARLOTTE, NC 28202-2816",17.1
"8327 STAYMAN CT, HUNTERSVILLE, NC 28078","8327 STAYMAN CT, HUNTERSVILLE, NC 28078-9204",0.0
"12718 GREEN ASHE DR, HUNTERSVILLE, NC 28078","12718 GREEN ASHE DR, HUNTERSVILLE, NC 28078-4504",0.0
"8241 BUD HENDERSON RD, HUNTERSVILLE, NC 28078","8241 BUD HENDERSON RD, HUNTERSVILLE, NC 28078-7510",0.0
"4204 AMWELL DR, HUNTERSVILLE, NC 28078","4204 AMWELL DR, HUNTERSVILLE, NC 28078-1007",0.0
"12108 MCINTOSH RD, HUNTERSVILLE, NC 28078","12108 MCINTOSH RD, HUNTERSVILLE, NC 28078-6967",0.0
"12601 WILD LILAC CT, HUNTERSVILLE, NC 28078","12601 WILD LILAC CT, HUNTERSVILLE, NC 28078-8394",0.0
"12628 WILD LILAC CT, HUNTERSVILLE, NC 28078","12628 WILD LILAC CT, HUNTERSVILLE, NC 28078-8394",0.0
"9206 AGNES PARK LN, HUNTERSVILLE, NC 28078","9206 AGNES PARK LN, HUNTERSVILLE, NC 28078-8391",0.0
"9000 AGNES PARK LN, HUNTERSVILLE, NC 28078","9000 AGNES PARK LN, HUNTERSVILLE, NC 28078-9178",0.0
"8426 SUMMERFIELD LN, HUNTERSVILLE, NC 28078","8426 SUMMERFIELD LN, HUNTERSVILLE, NC 28078-6863",0.0
"8515 SUMMERFIELD LN, HUNTERSVILLE, NC 28078","8515 SUMMERFIELD LN, HUNTERSVILLE, NC 28078-6864",0.0
"GILEAD RD, HUNTERSVILLE, NC 28078","1321 MAIL SERVICE CTR, RALEIGH, NC 27699-1300",166.0
"OLD STORE RD, HUNTERSVILLE, NC 28078","79032 PO BOX, CHARLOTTE, NC 28271-0030",15.1
"13020 ANGEL OAK DR, HUNTERSVILLE, NC 28078","13020 ANGEL OAK DR, HUNTERSVILLE, NC 28078-9172",0.0
"12620 WILD LILAC CT, HUNTERSVILLE, NC 28078","12620 WILD LILAC CT, HUNTERSVILLE, NC 28078-8394",0.0
"9008 NEW OAK LN, HUNTERSVILLE, NC 28078","9008 NEW OAK LN, HUNTERSVILLE, NC 28078-8317",0.0
"9131 OLD BARNETTE PL, HUNTERSVILLE, NC 28078","9131 OLD BARNETTE PL, HUNTERSVILLE, NC 28078-8124",0.0
"9108 OLD BARNETTE PL, HUNTERSVILLE, NC 28078","9108 OLD BARNETTE PL, HUNTERSVILLE, NC 28078-8119",0.0
"14325 ERVIN COOK RD, HUNTERSVILLE, NC 28078","6244 STEPHENS GROVE LN, HUNTERSVILLE, NC 28078-3305",3.5
"7825 GILEAD RD, HUNTERSVILLE, NC 28078","1140 VIRGINIA DR, FORT WASHINGTON, PA 19034-3204",551.0
"14308 ERVIN COOK RD, HUNTERSVILLE, NC 28078","1140 VIRGINIA DR, FORT WASHINGTON, PA 19034-3204",552.0
"9001 AGNES PARK LN, HUNTERSVILLE, NC 28078","9001 AGNES PARK LN, HUNTERSVILLE, NC 28078-9180",0.0
"13006 ANGEL OAK DR, HUNTERSVILLE, NC 28078","13006 ANGEL OAK DR, HUNTERSVILLE, NC 28078-9172",0.0
"13100 ANGEL OAK DR, HUNTERSVILLE, NC 28078","13100 ANGEL OAK DR, HUNTERSVILLE, NC 28078-6854",0.0
"8436 BASSINGER DR, HUNTERSVILLE, NC 28078","8436 BASSINGER DR, HUNTERSVILLE, NC 28078-7444",0.0
"8718 NEW OAK LN, HUNTERSVILLE, NC 28078","8718 NEW OAK LN, HUNTERSVILLE, NC 28078-8314",0.0
"9038 OLD BARNETTE PL, HUNTERSVILLE, NC 28078","9038 OLD BARNETTE PL, HUNTERSVILLE, NC 28078-8161",0.0
"9219 TORRENCE CROSSING DR, HUNTERSVILLE, NC 28078","9219 TORRENCE CROSSING DR, HUNTERSVILLE, NC 28078-8134",0.0
"9109 TORRENCE CROSSING DR, HUNTERSVILLE, NC 28078","9109 TORRENCE CROSSING DR, HUNTERSVILLE, NC 28078-8129",0.0
"8623 NEW OAK LN, HUNTERSVILLE, NC 28078","30601 AGOURA RD Unit 200, AGOURA HILLS, CA 91301-2148",2454.0
"9103 BERTRAM CT, HUNTERSVILLE, NC 28078","9103 BERTRAM CT, HUNTERSVILLE, NC 28078-8100",0.0
"12706 ANGEL OAK DR, HUNTERSVILLE, NC 28078","12706 ANGEL OAK DR, HUNTERSVILLE, NC 28078-7852",0.0
"12600 HOLLYHOCK LN, HUNTERSVILLE, NC 28078","12600 HOLLYHOCK LN, HUNTERSVILLE, NC 28078-6859",0.0
"8621 SUMMERFIELD LN, HUNTERSVILLE, NC 28078","8621 SUMMERFIELD LN, HUNTERSVILLE, NC 28078-6865",0.0
"8431 SUMMERFIELD LN, HUNTERSVILLE, NC 28078","8431 SUMMERFIELD LN, HUNTERSVILLE, NC 28078-6863",0.0
"12713 HOLLYHOCK LN, HUNTERSVILLE, NC 28078","12713 HOLLYHOCK LN, HUNTERSVILLE, NC 28078-6860",0.0
"12623 HOLLYHOCK LN, HUNTERSVILLE, NC 28078","12623 HOLLYHOCK LN, HUNTERSVILLE, NC 28078-6859",0.0
"8514 TATEBROOK LN, HUNTERSVILLE, NC 28078","8514 TATEBROOK LN, HUNTERSVILLE, NC 28078-6856",0.0
"12712 HOLLYHOCK LN, HUNTERSVILLE, NC 28078","12712 HOLLYHOCK LN, HUNTERSVILLE, NC 28078-6860",0.0
"8113 MCILWAINE RD, HUNTERSVILLE, NC 28078","3850 SHARON VIEW RD, CHARLOTTE, NC 28226-4808",24.9
"13412 OLD STORE RD, HUNTERSVILLE, NC 28078","13412 OLD STORE RD, HUNTERSVILLE, NC 28078-7436",0.0
"13334 OLD STORE RD, HUNTERSVILLE, NC 28078","13334 OLD STORE RD, HUNTERSVILLE, NC 28078-7435",0.0
"8693 GILEAD RD, HUNTERSVILLE, NC 28078","8801 GILEAD RD, HUNTERSVILLE, NC 28078-7431",2.9
"BASSINGER DR, HUNTERSVILLE, NC 28078","79032 PO BOX, CHARLOTTE, NC 28271-0030",15.0
"8618 NEW OAK LN, HUNTERSVILLE, NC 28078","8618 NEW OAK LN, HUNTERSVILLE, NC 28078-9160",0.0
"9106 TORRENCE CROSSING DR, HUNTERSVILLE, NC 28078","9106 TORRENCE CROSSING DR, HUNTERSVILLE, NC 28078-8128",0.0
"9126 BERTRAM CT, HUNTERSVILLE, NC 28078","9126 BERTRAM CT, HUNTERSVILLE, NC 28078-9184",0.0
"12908 BRADFORD HILL LN, HUNTERSVILLE, NC 28078","12908 BRADFORD HILL LN, HUNTERSVILLE, NC 28078-8313",0.0
"8610 DOE PATH LN, HUNTERSVILLE, NC 28078","8610 DOE PATH LN, HUNTERSVILLE, NC 28078-8133",0.0
"12602 ANGEL OAK DR, HUNTERSVILLE, NC 28078","12602 ANGEL OAK DR, HUNTERSVILLE, NC 28078-7851",0.0
"12724 ANGEL OAK DR, HUNTERSVILLE, NC 28078","12724 ANGEL OAK DR, HUNTERSVILLE, NC 28078-7852",0.0
"8807 DOE PATH LN, HUNTERSVILLE, NC 28078","591 W PUTNAM AVE, GREENWICH, CT 06830-6005",659.0
"12513 ANGEL OAK DR, HUNTERSVILLE, NC 28078","12513 ANGEL OAK DR, HUNTERSVILLE, NC 28078-7850",0.0
"13938 ERVIN COOK RD, HUNTERSVILLE, NC 28078","1140 VIRGINIA DR, FORT WASHINGTON, PA 19034-3204",551.0
"12531 BRADFORD HILL LN, HUNTERSVILLE, NC 28078","12531 BRADFORD HILL LN, HUNTERSVILLE, NC 28078-9182",0.0
"7926 GILEAD RD, HUNTERSVILLE, NC 28078","700 N TRYON ST, CHARLOTTE, NC 28202-2222",15.1
"12508 PECAN HILL CT, HUNTERSVILLE, NC 28078","12508 PECAN HILL CT, HUNTERSVILLE, NC 28078-9166",0.0
"7806 GILEAD RD, HUNTERSVILLE, NC 28078","7633 GILEAD RD, HUNTERSVILLE, NC 28078-7535",0.0
"12024 MCINTOSH RD, HUNTERSVILLE, NC 28078","12024 MCINTOSH RD, HUNTERSVILLE, NC 28078-6966",0.0
"8821 NEW OAK LN, HUNTERSVILLE, NC 28078","8821 NEW OAK LN, HUNTERSVILLE, NC 28078-8322",0.0
"8717 FOX TAIL LN, HUNTERSVILLE, NC 28078","8717 FOX TAIL LN, HUNTERSVILLE, NC 28078-4511",0.0
"8601 FOX TAIL LN, HUNTERSVILLE, NC 28078","8601 FOX TAIL LN, HUNTERSVILLE, NC 28078-4509",0.0
"12012 MCINTOSH RD, HUNTERSVILLE, NC 28078","6820 STEPHENS RD, HUNTERSVILLE, NC 28078",3.0
"8625 FOX TAIL LN, HUNTERSVILLE, NC 28078","8625 FOX TAIL LN, HUNTERSVILLE, NC 28078-4509",0.0
"8600 FOX TAIL LN, HUNTERSVILLE, NC 28078","8600 FOX TAIL LN, HUNTERSVILLE, NC 28078-4508",0.0
"8501 FOX TAIL LN, HUNTERSVILLE, NC 28078","8501 FOX TRAIL LN, HUNTERSVILLE, NC 28078-4507",9.4
"GILEAD RD, HUNTERSVILLE, NC 28078","1140 VIRGINIA DR, FORT WASHINGTON, PA 19034-3204",550.0
"8423 BASSINGER DR, HUNTERSVILLE, NC 28078","8423 BASSINGER DR, HUNTERSVILLE, NC 28078-7444",0.0
"8233 BUD HENDERSON RD, HUNTERSVILLE, NC 28078","8233 BUD HENDERSON RD, HUNTERSVILLE, NC 28078-7510",0.0
"12505 CEDARFORD CT, HUNTERSVILLE, NC 28078","12505 CEDARFORD CT, HUNTERSVILLE, NC 28078-7808",0.0
"12913 ANGEL OAK DR, HUNTERSVILLE, NC 28078","12913 ANGEL OAK DR, HUNTERSVILLE, NC 28078-9170",0.0
"12516 HAWKS RIDGE RD, HUNTERSVILLE, NC 28078","8616 TAYBROOK DR, HUNTERSVILLE, NC 28078-8584",2.5
"12610 ANGEL OAK DR, HUNTERSVILLE, NC 28078","12610 ANGEL OAK DR, HUNTERSVILLE, NC 28078-7851",0.0
"9100 BERTRAM CT, HUNTERSVILLE, NC 28078","9100 BERTRAM CT, HUNTERSVILLE, NC 28078-9184",0.0
"8408 SUMMERFIELD LN, HUNTERSVILLE, NC 28078","8408 SUMMERFIELD LN, HUNTERSVILLE, NC 28078-6863",0.0
"8430 TATEBROOK LN, HUNTERSVILLE, NC 28078","8430 TATEBROOK LN, HUNTERSVILLE, NC 28078-6855",0.0
"12908 FALLCROSS CT, HUNTERSVILLE, NC 28078","12903 FALLCROSS CT, HUNTERSVILLE, NC 28078-6857",0.0
"8534 NEW OAK LN, HUNTERSVILLE, NC 28078","8534 NEW OAK LN, HUNTERSVILLE, NC 28078-7100",0.0
"8528 NEW OAK LN, HUNTERSVILLE, NC 28078","8528 NEW OAK LN, HUNTERSVILLE, NC 28078-7100",0.0
"8525 NEW OAK LN, HUNTERSVILLE, NC 28078","7417 QUILBRAY DR, HUNTERSVILLE, NC 28078-7826",3.2
"12514 PECAN HILL CT, HUNTERSVILLE, NC 28078","12514 PECAN HILL CT, HUNTERSVILLE, NC 28078-9166",0.0
"8730 NEW OAK LN, HUNTERSVILLE, NC 28078","8730 NEW OAK LN, HUNTERSVILLE, NC 28078-8314",0.0
"12515 HAWKS RIDGE RD, HUNTERSVILLE, NC 28078","12515 HAWKSRIDGE RD, HUNTERSVILLE, NC 28078-8141",0.0
"12627 ANGEL OAK DR, HUNTERSVILLE, NC 28078","12627 ANGEL OAK DR, HUNTERSVILLE, NC 28078-7851",0.0
"5112 INGLEBURN LN, HUNTERSVILLE, NC 28078","5112 INGLEBURN LN, HUNTERSVILLE, NC 28078-7760",0.0
"13327 OLD STORE RD, HUNTERSVILLE, NC 28078","13327 OLD STORE RD, HUNTERSVILLE, NC 28078-7435",0.0
"8411 STAYMAN CT, HUNTERSVILLE, NC 28078","8411 STAYMAN CT, HUNTERSVILLE, NC 28078-8157",0.0
"8315 APPLESEED CT, HUNTERSVILLE, NC 28078","8315 APPLESEED CT, HUNTERSVILLE, NC 28078-9203",0.0
"12015 MCINTOSH RD, HUNTERSVILLE, NC 28078","121 CHRISTY LN, MOORESVILLE, NC 28117-8997",20.7
"8332 STAYMAN CT, HUNTERSVILLE, NC 28078","8332 STAYMAN CT, HUNTERSVILLE, NC 28078-9204",0.0
"8320 STAYMAN CT, HUNTERSVILLE, NC 28078","8320 STAYMAN CT, HUNTERSVILLE, NC 28078-9204",0.0
"8801 DOE PATH LN, HUNTERSVILLE, NC 28078","8801 DOE PATH LN, HUNTERSVILLE, NC 28078-8139",0.0
"8614 DOE PATH LN, HUNTERSVILLE, NC 28078","8614 DOE PATH LN, HUNTERSVILLE, NC 28078-8133",0.0
"8909 NEW OAK LN, HUNTERSVILLE, NC 28078","8909 NEW OAK LN, HUNTERSVILLE, NC 28078-8321",0.0
"8428 GILEAD RD, HUNTERSVILLE, NC 28078","8428 GILEAD RD, HUNTERSVILLE, NC 28078-7427",0.0
"INGLEBURN LN, HUNTERSVILLE, NC 28078","11906 PO BOX, CHARLOTTE, NC 28220-1906",23.3
"INGLEBURN LN, HUNTERSVILLE, NC 28078","11906 PO BOX, CHARLOTTE, NC 28220-1906",23.3
"DE SOTO AL, HUNTERSVILLE, NC 28078","26844 PO BOX, CHARLOTTE, NC 28221-6844",11.2
"8701 FOX TAIL LN, HUNTERSVILLE, NC 28078","8701 FOX TRAIL LN, HUNTERSVILLE, NC 28078-4511",9.3
"9017 OLD BARNETTE PL, HUNTERSVILLE, NC 28078","9017 OLD BARNETTE PL, HUNTERSVILLE, NC 28078-8161",0.0
"8613 FOX TAIL LN, HUNTERSVILLE, NC 28078","30601 AGOURA RD Unit 200, AGOURA HILLS, CA 91301-2148",2457.0
"12503 PECAN HILL CT, HUNTERSVILLE, NC 28078","12503 PECAN HILL CT, HUNTERSVILLE, NC 28078-8130",0.0
"8532 FOX TAIL LN, HUNTERSVILLE, NC 28078","8532 FOX TAIL LN, HUNTERSVILLE, NC 28078-4506",0.0
"12703 ANGEL OAK DR, HUNTERSVILLE, NC 28078","12703 ANGEL OAK DR, HUNTERSVILLE, NC 28078-7852",0.0
"9130 OLD BARNETTE PL, HUNTERSVILLE, NC 28078","9130 OLD BARNETTE PL, HUNTERSVILLE, NC 28078-8119",0.0
"14200 ERVIN COOK RD, HUNTERSVILLE, NC 28078","1140 VIRGINIA DR, FORT WASHINGTON, PA 19034-3204",552.0
"9120 BERTRAM CT, HUNTERSVILLE, NC 28078","9120 BERTRAM CT, HUNTERSVILLE, NC 28078-9184",0.0
"9029 OLD BARNETTE PL, HUNTERSVILLE, NC 28078","9029 OLD BARNETTE PL, HUNTERSVILLE, NC 28078-8161",0.0
"8401 TATEBROOK LN, HUNTERSVILLE, NC 28078","8401 TATEBROOK LN, HUNTERSVILLE, NC 28078-6855",0.0
"13306 OLD STORE RD, HUNTERSVILLE, NC 28078","2655 PO BOX, HUNTERSVILLE, NC 28070-2655",2.4
"12520 PECAN HILL CT, HUNTERSVILLE, NC 28078","12520 PECAN HILL CT, HUNTERSVILLE, NC 28078-9166",0.0
"12631 WILD LILAC CT, HUNTERSVILLE, NC 28078","12631 WILD LILAC CT, HUNTERSVILLE, NC 28078-8394",0.0
"9134 AGNES PARK LN, HUNTERSVILLE, NC 28078","9134 AGNES PARK LN, HUNTERSVILLE, NC 28078-8390",0.0
"9018 NEW OAK LN, HUNTERSVILLE, NC 28078","9018 NEW OAK LN, HUNTERSVILLE, NC 28078-8317",0.0
"9109 OLD BARNETTE PL, HUNTERSVILLE, NC 28078","1850 PARKWAY PL SE Unit 900, MARIETTA, GA 30067-8261",252.0
"12601 ANGEL OAK DR, HUNTERSVILLE, NC 28078","12601 ANGEL OAK DR, HUNTERSVILLE, NC 28078-7851",0.0
"8415 BASSINGER DR, HUNTERSVILLE, NC 28078","20027 VERLAINE DR, DAVIDSON, NC 28036-7770",9.4
"9036 GOLDEN ROCK LN, HUNTERSVILLE, NC 28078","9036 GOLD ROCK LN, HUNTERSVILLE, NC 28078",0.0
"12732 HOLLYHOCK LN, HUNTERSVILLE, NC 28078","12732 HOLLYHOCK LN, HUNTERSVILLE, NC 28078-6860",0.0
"12701 HOLLYHOCK LN, HUNTERSVILLE, NC 28078","12701 HOLLYHOCK LN, HUNTERSVILLE, NC 28078-6860",0.0
"8640 SUMMERFIELD LN, HUNTERSVILLE, NC 28078","8640 SUMMERFIELD LN, HUNTERSVILLE, NC 28078-6865",0.0
"8515 LYMAN OAK CT, HUNTERSVILLE, NC 28078","8515 LYMAN OAK CT, HUNTERSVILLE, NC 28078-6873",0.0
"8018 GILEAD RD, HUNTERSVILLE, NC 28078","600 E 4TH ST, CHARLOTTE, NC 28202-2816",16.8
"13345 OLD STORE RD, HUNTERSVILLE, NC 28078","1334 OLD STORE RD, HUNTERSVILLE, NC 28078",0.3
"9019 GOLDEN ROCK LN, HUNTERSVILLE, NC 28078","9019 GOLDEN ROCK LN, HUNTERSVILLE, NC 28078-7433",0.0
"9001 TORRENCE CROSSING DR, HUNTERSVILLE, NC 28078","9001 TORRENCE CROSSING DR, HUNTERSVILLE, NC 28078-8198",0.0
"OLD STORE RD, HUNTERSVILLE, NC 28078","79032 PO BOX, CHARLOTTE, NC 28271-0030",15.1
"8624 SUMMERFIELD LN, HUNTERSVILLE, NC 28078","8624 SUMMERFIELD LN, HUNTERSVILLE, NC 28078-6865",0.0
"13109 ANGEL OAK DR, HUNTERSVILLE, NC 28078","13109 ANGEL OAK DR, HUNTERSVILLE, NC 28078-6854",0.0
"8410 TATEBROOK LN, HUNTERSVILLE, NC 28078","8410 TATEBROOK LN, HUNTERSVILLE, NC 28078-6855",0.0
"9025 AGNES PARK LN, HUNTERSVILLE, NC 28078","9025 AGNES PARK LN, HUNTERSVILLE, NC 28078-9180",0.0
"9004 AGNES PARK LN, HUNTERSVILLE, NC 28078","9004 AGNES PARK LN, HUNTERSVILLE, NC 28078-9178",0.0
"9012 AGNES PARK LN, HUNTERSVILLE, NC 28078","1850 PARKWAY PL SE Unit 900, MARIETTA, GA 30067-8261",252.0
"8820 DOE PATH LN, HUNTERSVILLE, NC 28078","8820 DOE PATH LN, HUNTERSVILLE, NC 28078-8136",0.0
"12700 ANGEL OAK DR, HUNTERSVILLE, NC 28078","1717 MAIN ST Unit 2000, DALLAS, TX 75201-4657",1031.0
"12525 PECAN HILL CT, HUNTERSVILLE, NC 28078","12525 PECAN HILL CT, HUNTERSVILLE, NC 28078-8130",0.0
"14139 ERVIN COOK RD, HUNTERSVILLE, NC 28078","1140 VIRGINIA DR, FORT WASHINGTON, PA 19034-3204",552.0
"13345 MERCER DR, HUNTERSVILLE, NC 28078","26844 PO BOX, CHARLOTTE, NC 28221-6844",11.3
"9040 GOLDEN ROCK LN, HUNTERSVILLE, NC 28078","79032 PO BOX, CHARLOTTE, NC 28271-0030",15.0
"9119 NEW OAK LN, HUNTERSVILLE, NC 28078","9119 NEW OAK LN, HUNTERSVILLE, NC 28078-8319",0.0
"7416 GILEAD RD, HUNTERSVILLE, NC 28078","30601 AGOURA RD Unit 200, AGOURA HILLS, CA 91301-2148",2456.0
"BRADFORD HILL LN, HUNTERSVILLE, NC 28078","600 E 4TH ST, CHARLOTTE, NC 28202-2816",16.5
"8826 NEW OAK LN, HUNTERSVILLE, NC 28078","8826 NEW OAK LN, HUNTERSVILLE, NC 28078-8315",0.0
"8147 MCILWAINE RD, HUNTERSVILLE, NC 28078","600 E 4TH ST, CHARLOTTE, NC 28202-2816",17.7
"12735 GREEN ASHE DR, HUNTERSVILLE, NC 28078","12735 GREEN ASHE DR, HUNTERSVILLE, NC 28078-4505",0.0
"12708 GREEN ASHE DR, HUNTERSVILLE, NC 28078","12708 GREEN ASHE DR, HUNTERSVILLE, NC 28078-4504",0.0
"12736 GREEN ASHE DR, HUNTERSVILLE, NC 28078","12736 GREEN ASHE DR, HUNTERSVILLE, NC 28078-4504",0.0
"OLD STORE RD, HUNTERSVILLE, NC 28078","79032 PO BOX, CHARLOTTE, NC 28271-0030",15.1
"OLD STORE RD, HUNTERSVILLE, NC 28078","79032 PO BOX, CHARLOTTE, NC 28271-0030",15.1
"5119 INGLEBURN LN, HUNTERSVILLE, NC 28078","5119 INGLEBURN LN, HUNTERSVILLE, NC 28078-7760",0.0
"12500 PECAN HILL CT, HUNTERSVILLE, NC 28078","12500 PECAN HILL CT, HUNTERSVILLE, NC 28078-9166",0.0
"8812 NEW OAK LN, HUNTERSVILLE, NC 28078","8812 NEW OAK LN, HUNTERSVILLE, NC 28078-8315",0.0
"9200 AGNES PARK LN, HUNTERSVILLE, NC 28078","9200 AGNES PARK LN, HUNTERSVILLE, NC 28078-8391",0.0
"9108 AGNES PARK LN, HUNTERSVILLE, NC 28078","9108 AGNES PARK LN, HUNTERSVILLE, NC 28078-8390",0.0
"9104 BERTRAM CT, HUNTERSVILLE, NC 28078","9104 BERTRAM CT, HUNTERSVILLE, NC 28078-9184",0.0
"9124 TORRENCE CROSSING DR, HUNTERSVILLE, NC 28078","9124 TORRENCE CROSSING DR, HUNTERSVILLE, NC 28078-8128",0.0
"8502 TATEBROOK LN, HUNTERSVILLE, NC 28078","8502 TATEBROOK LN, HUNTERSVILLE, NC 28078-6856",0.0
"9019 TORRENCE CROSSING DR, HUNTERSVILLE, NC 28078","9019 TORRENCE CROSSING DR, HUNTERSVILLE, NC 28078-8198",0.0
"8117 MCILWAINE RD, HUNTERSVILLE, NC 28078","8117 MCILWAINE RD, HUNTERSVILLE, NC 28078-6955",0.0
"8602 NEW OAK LN, HUNTERSVILLE, NC 28078","8602 NEW OAK LN, HUNTERSVILLE, NC 28078-9160",0.0
"12509 HAWKS RIDGE RD, HUNTERSVILLE, NC 28078","12509 HAWKSRIDGE RD, HUNTERSVILLE, NC 28078-8141",0.0
"12502 HAWKS RIDGE RD, HUNTERSVILLE, NC 28078","12502 HAWKSRIDGE RD, HUNTERSVILLE, NC 28078-8140",0.0
"8609 DOE PATH LN, HUNTERSVILLE, NC 28078","8609 DOE PATH LN, HUNTERSVILLE, NC 28078-8137",0.0
"12709 ANGEL OAK DR, HUNTERSVILLE, NC 28078","12709 ANGEL OAK DR, HUNTERSVILLE, NC 28078-7852",0.0
"5207 INGLEBURN LN, HUNTERSVILLE, NC 28078","5207 INGLEBURN LN, HUNTERSVILLE, NC 28078-7822",0.0
"8428 BRAMFIELD DR, HUNTERSVILLE, NC 28078","8428 BRAMFIELD DR, HUNTERSVILLE, NC 28078-7813",0.0
"9031 GOLDEN ROCK LN, HUNTERSVILLE, NC 28078","9031 GOLDEN ROCK LN, HUNTERSVILLE, NC 28078-7433",0.0
"8509 NEW OAK LN, HUNTERSVILLE, NC 28078","8509 NEW OAK LN, HUNTERSVILLE, NC 28078-7100",0.0
"8618 SUMMERFIELD LN, HUNTERSVILLE, NC 28078","8618 SUMMERFIELD LN, HUNTERSVILLE, NC 28078-6865",0.0
"7301 GILEAD RD, HUNTERSVILLE, NC 28078","4321 WANAMASSA DR, CHARLOTTE, NC 28269-1646",11.5
"12134 MCINTOSH RD, HUNTERSVILLE, NC 28078","12134 MCINTOSH RD, HUNTERSVILLE, NC 28078-6967",0.0
"12609 WILD LILAC CT, HUNTERSVILLE, NC 28078","12609 WILD LILAC CT, HUNTERSVILLE, NC 28078-8394",0.0
"GILEAD RD, HUNTERSVILLE, NC 28078","7900 GILEAD RD, HUNTERSVILLE, NC 28078-9042",1.2
"9003 TORRENCE CROSSING DR, HUNTERSVILLE, NC 28078","9003 TORRENCE CROSSING DR, HUNTERSVILLE, NC 28078-8198",0.0
"8618 FOX TAIL LN, HUNTERSVILLE, NC 28078","2711 N HASKELL AVE Unit 2100, DALLAS, TX 75204-2970",1035.0
"8245 BUD HENDERSON RD, HUNTERSVILLE, NC 28078","8245 BUD HENDERSON RD, HUNTERSVILLE, NC 28078-7510",0.0
"8413 SUMMERFIELD LN, HUNTERSVILLE, NC 28078","8413 SUMMERFIELD LN, HUNTERSVILLE, NC 28078-6863",0.0
"8518 NEW OAK LN, HUNTERSVILLE, NC 28078","8518 NEW OAK LN, HUNTERSVILLE, NC 28078-7100",0.0
"12725 GREEN ASHE DR, HUNTERSVILLE, NC 28078","12725 GREEN ASHE DR, HUNTERSVILLE, NC 28078-4505",0.0
"12717 GREEN ASHE DR, HUNTERSVILLE, NC 28078","12717 GREEN ASHE DR, HUNTERSVILLE, NC 28078-4505",0.0
"12715 ANGEL OAK DR, HUNTERSVILLE, NC 28078","12714 ANGEL OAK DR, HUNTERSVILLE, NC 28078",0.0
"12512 ANGEL OAK DR, HUNTERSVILLE, NC 28078","21001 N TATUM BLVD Unit 1630-630, PHOENIX, AZ 85050-4242",2046.0
"8606 SUMMERFIELD LN, HUNTERSVILLE, NC 28078","8606 SUMMERFIELD LN, HUNTERSVILLE, NC 28078-6865",0.0
